2026-02-14 08:53 | BUY | AAPL | 1 | 230.00 | Manual buy order | DRY-RUN (not submitted)
2026-02-17 10:01 | SELL | RBLX | 100 | 63.44 | Manual sell order | SUBMITTED (order 74ef5f00-f8a8-443b-952c-60c0af946c11)
2026-02-17 10:02 | SELL | V | 100 | 318.27 | Manual sell order | BLOCKED — exceeds max $25,000
2026-02-17 10:02 | SELL | CRSP | 50 | 52.35 | Manual sell order | SUBMITTED (order 83c66333-756f-4b1a-b9ce-c1d2b2cbae45)
2026-02-17 10:02 | SELL | MSFT | 36 | 396.06 | Manual sell order | SUBMITTED (order 6dc35f94-15d8-4729-ac91-df00d651b0ef)
2026-02-17 10:02 | SELL | QBTS | 50 | 18.46 | Manual sell order | SUBMITTED (order a071d653-5ee3-42bb-bd80-32917c571c1c)
2026-02-17 10:02 | SELL | V | 6 | 318.33 | Signal score -4 | DRY-RUN (not submitted)
2026-02-17 10:02 | SELL | V | 12 | 318.30 | Manual sell order | SUBMITTED (order 37b1f8f6-288a-469d-af45-f85ffd1c9d8f)
2026-02-17 10:02 | SELL | CRSP | 96 | 52.34 | Manual sell order | SUBMITTED (order f47a4ac7-8733-4898-92f3-3d4ea5bef5fb)
2026-02-17 10:02 | SELL | V | 6 | 318.51 | Signal score -4 | SUBMITTED (order f243a8a7-3e4b-4912-a69a-88c00998be56)
2026-02-17 10:02 | SELL | QBTS | 47 | 18.43 | Manual sell order | SUBMITTED (order a426b641-7a02-4113-966b-57f70e1f6ef6)
2026-02-17 10:03 | SELL | MSFT | 1 | 396.37 | Manual sell order | SUBMITTED (order 8c434844-527f-4586-9b2d-19133016cf1c)
2026-02-17 10:03 | SELL | CRSP | 145 | 52.34 | Signal score -3 | SUBMITTED (order 954b2af4-bd10-494e-82a8-e67313b03f12)
2026-02-17 10:03 | SELL | QBTS | 97 | 18.45 | Signal score -3 | SUBMITTED (order c2add2fe-6f15-47a3-aba1-042cba21068e)
2026-02-17 10:03 | SELL | RBLX | 46 | 63.45 | Signal score -5 | SUBMITTED (order 8827921e-7b96-439c-8cae-a430f2c52b36)
2026-02-17 10:03 | BUY | ANET | 4 | 141.59 | Signal score 5 | SUBMITTED (order 67bcc554-019b-4236-8531-af0189e5c45c)
2026-02-17 10:03 | SELL | T | 418 | 28.80 | Manual sell order | SUBMITTED (order 4596274f-abf4-4b06-84d6-293faf9d4a52)
2026-02-17 10:03 | SELL | MSFT | 36 | 396.37 | Signal score -3 | SUBMITTED (order 5db09e03-c506-42da-a187-8cd0499d8d0e)
2026-02-17 10:03 | SELL | DUK | 85 | 127.81 | Manual sell order | SUBMITTED (order a5ba544e-f603-4250-a6e2-ebf51187574e)
2026-02-17 10:03 | SELL | IBM | 34 | 258.27 | Manual sell order | SUBMITTED (order 13018623-c3b0-47a4-8035-ce725a01bdf9)
2026-02-17 10:03 | SELL | CEG | 104 | 293.98 | Manual sell order | SUBMITTED (order bd71a1f3-6708-4e43-88c6-923759262032)
2026-02-17 10:03 | BUY | VZ | 285 | 49.01 | Manual buy order | SUBMITTED (order c4b4d09c-1be6-452d-ae18-623a408ff595)
2026-02-17 10:03 | SELL | VST | 145 | 170.90 | Manual sell order | SUBMITTED (order 112aecfa-3f5e-4e3d-8dc4-e5398a1a082e)
2026-02-17 10:03 | BUY | O | 197 | 65.66 | Manual buy order | SUBMITTED (order d6c801af-dbe5-45b5-bd23-68a5d777d104)
2026-02-17 10:03 | SELL | BAH | 37 | 78.38 | Manual sell order | SUBMITTED (order b2fca8dc-84f2-477a-b544-8a88c7e9a041)
2026-02-17 10:03 | BUY | XOM | 80 | 148.45 | Manual buy order | SUBMITTED (order ee7e8c81-a301-4431-a638-5c448cf1bc5a)
2026-02-17 10:03 | SELL | AVAV | 41 | 256.58 | Manual sell order | ERROR — {"buying_power":"7778.5","code":40310000,"cost_basis":"10861.14","message":"insufficient buying power"}
2026-02-17 10:03 | BUY | ED | 96 | 113.72 | Manual buy order | ERROR — {"buying_power":"7785.29","code":40310000,"cost_basis":"10917.13","message":"insufficient buying power"}
2026-02-17 10:03 | BUY | PG | 62 | 160.07 | Manual buy order | ERROR — {"buying_power":"7394.28","code":40310000,"cost_basis":"9924.35","message":"insufficient buying power"}
2026-02-17 10:03 | SELL | LDOS | 45 | 173.02 | Manual sell order | ERROR — {"buying_power":"7392.18","code":40310000,"cost_basis":"8073.25","message":"insufficient buying power"}
2026-02-17 10:03 | BUY | JNJ | 32 | 243.45 | Manual buy order | ERROR — {"buying_power":"7245.46","code":40310000,"cost_basis":"7790.41","message":"insufficient buying power"}
2026-02-17 10:04 | SELL | PLTR | 38 | 130.31 | Manual sell order | SUBMITTED (order 7923da85-1911-445c-ab4d-f5a8c6005a96)
2026-02-17 10:07 ET | ======================================================================
2026-02-17 10:07 ET | TRADING EXECUTION — 2026-02-17 10:07 ET
2026-02-17 10:07 ET | ======================================================================
2026-02-17 10:07 ET | 
📉 PORTFOLIO 1-3 SELLS (Decision Engine Signals)
2026-02-17 10:07 ET |   SELL (full) 6.15 V (P1) @ $318.11 = $1,956.12 — Signal -4: sell 100%
2026-02-17 10:07 ET |   SELL (full) 0.29 RBLX (P2) @ $63.66 = $18.41 — Signal -5: sell 100%
2026-02-17 10:07 ET |   SELL 73.36 CRSP (P2) @ $52.13 = $3,824.26 — Signal -3: trim 50%
2026-02-17 10:07 ET |   SELL 48.50 QBTS (P2) @ $18.33 = $888.85 — Signal -3: trim 50%
2026-02-17 10:07 ET |   SELL 18.66 MSFT (P3) @ $397.47 = $7,416.70 — Signal -3: trim 50%
2026-02-17 10:07 ET | 
📊 PORTFOLIO 4 (Income Dividends) — Signal Filter
2026-02-17 10:07 ET |   SKIP: T (score -1, overbought RSI 81), DUK (score 0), IBM (score 0)
2026-02-17 10:07 ET |   SELL (full) 418.00 T (P4) @ $28.88 = $12,071.84 — Signal -1: overbought RSI 81, removing position
2026-02-17 10:07 ET |   SELL (full) 85.00 DUK (P4) @ $128.08 = $10,886.80 — Signal 0: below threshold, removing position
2026-02-17 10:07 ET |   SELL (full) 34.00 IBM (P4) @ $256.99 = $8,737.83 — Signal 0: below threshold, removing position
2026-02-17 10:07 ET |   HOLD VZ: 570 shares (already positioned)
2026-02-17 10:07 ET |   HOLD O: 394 shares (already positioned)
2026-02-17 10:07 ET |   HOLD XOM: 160 shares (already positioned)
2026-02-17 10:07 ET |   HOLD ED: 96 shares (already positioned)
2026-02-17 10:07 ET |   HOLD PG: 62 shares (already positioned)
2026-02-17 10:07 ET |   HOLD JNJ: 32 shares (already positioned)
2026-02-17 10:07 ET | 
🚀 PORTFOLIO 5 (Momentum Growth) — All Signals Positive
2026-02-17 10:07 ET |   All positions already established: DECK(+5), GE(+2), ANET(+5), LLY(+1), AVGO(+1)
2026-02-17 10:07 ET |   HOLD DECK: 172 shares
2026-02-17 10:07 ET |   HOLD GE: 57 shares
2026-02-17 10:07 ET |   HOLD ANET: 105 shares
2026-02-17 10:07 ET |   HOLD LLY: 11 shares
2026-02-17 10:07 ET |   HOLD AVGO: 15 shares
2026-02-17 10:07 ET | 
☢️ PORTFOLIO 6 (Nuclear Renaissance) — Signal Filter
2026-02-17 10:07 ET |   SKIP: CEG (-5, death cross), VST (-5, death cross)
2026-02-17 10:07 ET |   SELL (full) 104.00 CEG (P6) @ $296.03 = $30,787.12 — Signal -5: death cross, removing position
2026-02-17 10:07 ET |   SELL (full) 145.00 VST (P6) @ $172.10 = $24,953.78 — Signal -5: death cross, removing position
2026-02-17 10:07 ET |   HOLD GEV: 6 shares
2026-02-17 10:07 ET |   HOLD CCJ: 132 shares
2026-02-17 10:07 ET |   HOLD BWXT: 49 shares
2026-02-17 10:07 ET |   HOLD TLN: 26 shares
2026-02-17 10:07 ET | 
🛡️ PORTFOLIO 7 (AI Defense) — Signal Filter
2026-02-17 10:07 ET |   SKIP: BAH (-5, death cross), AVAV (-2), LDOS (0)
2026-02-17 10:07 ET |   REDUCE: PLTR (+1 but borderline — half size)
2026-02-17 10:07 ET |   SELL (full) 37.00 BAH (P7) @ $78.29 = $2,896.55 — Signal -5: death cross, removing position
2026-02-17 10:07 ET |   SELL (full) 41.00 AVAV (P7) @ $257.29 = $10,548.69 — Signal -2: removing position
2026-02-17 10:07 ET |   SELL (full) 45.00 LDOS (P7) @ $172.65 = $7,769.47 — Signal 0: below threshold, removing position
2026-02-17 10:07 ET |   SELL 38.00 PLTR (P7) @ $129.78 = $4,931.64 — Signal +1 borderline: reduce to half size
2026-02-17 10:07 ET |   HOLD NOC: 17 shares
2026-02-17 10:07 ET |   HOLD TXT: 50 shares
2026-02-17 10:07 ET |   HOLD RTX: 59 shares
2026-02-17 10:07 ET |   HOLD LMT: 15 shares
2026-02-17 10:07 ET |   HOLD KTOS: 134 shares
2026-02-17 10:07 ET |   HOLD LHX: 23 shares
2026-02-17 10:07 ET |   HOLD GD: 14 shares
2026-02-17 10:07 ET | 
======================================================================
2026-02-17 10:07 ET | PORTFOLIO SUMMARY (Post-Execution)
2026-02-17 10:07 ET | ======================================================================
2026-02-17 10:07 ET |   P1 Value Picks: Cash $3,879.29 | Holdings ~$96,151.28 | Total ~$100,030.57
2026-02-17 10:07 ET |   P2 Innovation Fund: Cash $17,029.91 | Holdings ~$81,642.85 | Total ~$98,672.76
2026-02-17 10:07 ET |   P3 Growth Value: Cash $21,706.81 | Holdings ~$77,988.61 | Total ~$99,695.42
2026-02-17 10:07 ET |   P4 Income Dividends: Cash $-6,303.47 | Holdings ~$106,189.60 | Total ~$99,886.13
2026-02-17 10:07 ET |   P5 Momentum Growth: Cash $30,931.57 | Holdings ~$69,068.43 | Total ~$100,000.00
2026-02-17 10:07 ET |   P6 Nuclear Renaissance: Cash $60,337.99 | Holdings ~$39,329.38 | Total ~$99,667.37
2026-02-17 10:07 ET |   P7 AI Defense & Autonomous: Cash $32,104.25 | Holdings ~$68,181.51 | Total ~$100,285.76
2026-02-17 10:07 ET | 
⚠️ NOTE: DB is source of truth for virtual portfolios.
2026-02-17 10:07 ET | Alpaca paper account ($100K) cannot hold all 7 portfolios simultaneously.
2026-02-17 10:07 ET | Cash from removed positions held for re-entry when signals improve.
2026-02-17 10:45 | BUY | ANET | 27 | 141.59 | Signal score 6 | SUBMITTED (order 718d5f4f-db59-4035-83cf-9a55f5a88750)
2026-02-17 10:45 | BUY | ANET | 34 | 141.59 | Signal score 6 | SUBMITTED (order f5b03617-dc84-430f-9a7c-949c85ede0a8)
2026-02-17 10:45 | BUY | AVGO | 15 | 325.17 | Signal score 3 | SUBMITTED (order c59c924e-af23-448e-8cd6-b76817ed9dab)
2026-02-17 10:45 | BUY | BRK-B | 9 | 497.55 | Signal score 3 | BLOCKED — ticker error: {"code":40410000,"message":"asset not found for BRK-B"}
2026-02-17 10:45 | BUY | CCJ | 43 | 112.90 | Signal score 3 | SUBMITTED (order 39c9a3fd-38b1-4070-b21d-6d7173baec13)
2026-02-17 10:45 | BUY | DECK | 21 | 115.73 | Signal score 5 | SUBMITTED (order 26013773-357d-4140-b765-c279e6456c07)
2026-02-17 10:45 | BUY | ANET | 35 | 141.59 | Signal score 6 | SUBMITTED (order 746f5e82-c4a6-48bd-ab3d-b611eaf10167)
2026-02-17 10:45 | BUY | AVGO | 15 | 325.17 | Signal score 3 | SUBMITTED (order 942d60fb-a39b-42fe-8a4e-a0b0251a3c21)
2026-02-17 10:45 | BUY | BRK-B | 10 | 497.55 | Signal score 3 | BLOCKED — ticker error: {"code":40410000,"message":"asset not found for BRK-B"}
2026-02-17 10:45 | BUY | CCJ | 44 | 112.90 | Signal score 3 | SUBMITTED (order 311f78bc-5d86-48e6-b42d-627c3b57a591)
2026-02-17 10:45 | BUY | DECK | 43 | 115.73 | Signal score 5 | SUBMITTED (order a940a5cf-bbbe-4bc9-b25f-b6c09314e155)
2026-02-17 10:45 | BUY | ED | 16 | 113.72 | Signal score 6 | SUBMITTED (order f18975cd-5d5e-40fa-b5d1-eb9a9e9b2094)
2026-02-17 10:45 | BUY | KO | 1 | 78.68 | Signal score 3 | SUBMITTED (order 984f197a-ba89-4788-b679-1f99b755020e)
2026-02-17 10:45 | BUY | ANET | 35 | 141.59 | Signal score 6 | SUBMITTED (order 73c66ccb-b4dc-4ec2-95d7-34ea3469e9c4)
2026-02-17 10:45 | BUY | AVGO | 15 | 325.17 | Signal score 3 | SUBMITTED (order 4ca37ae4-220f-419b-a4fa-2285ceed9d8f)
2026-02-17 10:45 | BUY | BRK-B | 10 | 497.55 | Signal score 3 | BLOCKED — ticker error: {"code":40410000,"message":"asset not found for BRK-B"}
2026-02-17 10:45 | BUY | CCJ | 44 | 112.90 | Signal score 3 | SUBMITTED (order fa7e2268-550a-4a8b-bdec-e26abb5c1cdf)
2026-02-17 10:45 | BUY | DECK | 43 | 115.73 | Signal score 5 | SUBMITTED (order f6f0baa0-73b0-401f-b2d5-7d32c2ccd596)
2026-02-17 10:45 | BUY | ED | 43 | 113.72 | Signal score 6 | SUBMITTED (order 44512f0a-35bf-472e-b834-e601ddab379e)
2026-02-17 10:45 | BUY | GEV | 6 | 802.13 | Signal score 5 | SUBMITTED (order 26e181b9-f112-4edb-a3bf-9a92af8f27ce)
2026-02-17 10:45 | BUY | JNJ | 12 | 243.45 | Signal score 5 | SUBMITTED (order 223730c9-e96f-4b3d-bed9-123cca2b27cd)
2026-02-17 10:45 | BUY | O | 1 | 65.66 | Signal score 5 | SUBMITTED (order 71969ae8-27ed-42d9-8f52-e64b824100ed)
2026-02-17 10:45 | BUY | ANET | 35 | 141.59 | Signal score 6 | SUBMITTED (order 169ed46e-c12a-4e39-82c1-045d8bc862ed)
2026-02-17 10:45 | BUY | AVGO | 15 | 325.17 | Signal score 3 | SUBMITTED (order b0a68d49-3f6e-4165-afb3-46fe9f58b224)
2026-02-17 10:45 | BUY | BRK-B | 10 | 497.55 | Signal score 3 | BLOCKED — ticker error: {"code":40410000,"message":"asset not found for BRK-B"}
2026-02-17 10:45 | BUY | CCJ | 44 | 112.90 | Signal score 3 | SUBMITTED (order e179f939-3af0-41ea-86be-91c5311553ca)
2026-02-17 10:45 | BUY | DECK | 43 | 115.73 | Signal score 5 | SUBMITTED (order 8f23dcf1-fa9e-499f-a0ab-b83701e5ae4d)
2026-02-17 10:45 | BUY | ED | 43 | 113.72 | Signal score 6 | SUBMITTED (order 49da511a-0399-4058-b524-4de6588cf497)
2026-02-17 10:45 | BUY | GEV | 6 | 802.13 | Signal score 5 | SUBMITTED (order 6e67a86a-2076-409c-8ea8-70c11f570389)
2026-02-17 10:45 | BUY | JNJ | 5 | 243.45 | Signal score 5 | SUBMITTED (order 31ffb165-14ab-4772-8b66-f81368495b55)
2026-02-17 10:45 | BUY | KO | 2 | 78.68 | Signal score 3 | SUBMITTED (order 881fcf22-2f55-487c-96a8-f312398e8012)
2026-02-17 10:46 | BUY | O | 1 | 65.66 | Signal score 5 | SUBMITTED (order 5027c978-6321-4996-8b98-de6268d0ae1c)
2026-02-17 10:46 | BUY | ANET | 35 | 141.59 | Signal score 6 | SUBMITTED (order 79d2c357-4a06-4ceb-867a-7358d780ea5f)
2026-02-17 10:46 | BUY | AVGO | 15 | 325.17 | Signal score 3 | SUBMITTED (order 42db44b4-4354-4394-a11c-900a258d030c)
2026-02-17 10:46 | BUY | BRK-B | 10 | 497.55 | Signal score 3 | BLOCKED — ticker error: {"code":40410000,"message":"asset not found for BRK-B"}
2026-02-17 10:46 | BUY | CCJ | 44 | 112.90 | Signal score 3 | SUBMITTED (order df87702d-dd36-44a1-980b-7b2b8f260d9b)
2026-02-17 10:46 | BUY | DECK | 43 | 115.73 | Signal score 5 | SUBMITTED (order 1a68e065-5e52-48e1-9fe2-f9d59f84a61f)
2026-02-17 10:46 | BUY | ED | 43 | 113.72 | Signal score 6 | SUBMITTED (order af3909ca-5717-4bb1-b2c4-26603cb8f818)
2026-02-17 10:46 | BUY | GEV | 6 | 802.13 | Signal score 5 | SUBMITTED (order 97922fc3-b5dc-40a3-9d93-9473b4ff4577)
2026-02-17 10:46 | BUY | JNJ | 20 | 243.45 | Signal score 5 | SUBMITTED (order 819b3a0a-7c42-4a1c-a432-fe53840614b5)
2026-02-17 10:46 | BUY | KO | 63 | 78.68 | Signal score 3 | SUBMITTED (order 12dba873-c414-4786-97c6-c2b8ac4d11db)
2026-02-17 10:46 | BUY | LMT | 7 | 652.58 | Signal score 3 | SUBMITTED (order a387e35c-4a38-46f9-9a13-8617779bc121)
2026-02-17 10:46 | BUY | NOC | 7 | 702.57 | Signal score 4 | SUBMITTED (order c00cef4b-132a-4ccd-afef-32a6b3744778)
2026-02-17 10:46 | BUY | NVDA | 27 | 182.78 | Signal score 4 | SUBMITTED (order bc88e440-e997-4bc9-a61f-1fb718cd764b)
2026-02-17 10:46 | BUY | O | 75 | 65.66 | Signal score 5 | SUBMITTED (order f24a9b16-d631-4dc2-a3f7-891cdd0fbc44)
2026-02-17 10:46 | BUY | RTX | 8 | 200.06 | Signal score 3 | SUBMITTED (order 1359f50c-8bb9-4926-8c2d-1d0130dfe99d)
2026-02-17 10:46 | BUY | ANET | 35 | 141.59 | Signal score 6 | SUBMITTED (order f475b558-1692-4fd1-8f5c-1e9b1b777881)
2026-02-17 10:46 | BUY | AVGO | 15 | 325.17 | Signal score 3 | SUBMITTED (order 5c9ce66a-2ee2-491b-a82a-9dd1fdf953c0)
2026-02-17 10:46 | BUY | BRK-B | 10 | 497.55 | Signal score 3 | BLOCKED — ticker error: {"code":40410000,"message":"asset not found for BRK-B"}
2026-02-17 10:46 | BUY | CCJ | 44 | 112.90 | Signal score 3 | SUBMITTED (order be16acf1-e11f-4c7c-b9ee-602a2c90d769)
2026-02-17 10:46 | BUY | DECK | 43 | 115.73 | Signal score 5 | SUBMITTED (order 48c0b6cd-cfc9-4731-8cb8-36945700a353)
2026-02-17 10:46 | BUY | ED | 44 | 113.72 | Signal score 6 | SUBMITTED (order d2093cce-7b65-4012-9de4-59db514b10f6)
2026-02-17 10:46 | BUY | GEV | 6 | 802.13 | Signal score 5 | SUBMITTED (order d4e0003b-ef61-46bc-bddc-effb1c27f878)
2026-02-17 10:46 | BUY | JNJ | 10 | 243.45 | Signal score 5 | SUBMITTED (order ad79d3e4-b75c-4f39-a7e4-f6dbd730a6e5)
2026-02-17 10:46 | BUY | O | 1 | 65.66 | Signal score 5 | SUBMITTED (order e8ee194e-5b4e-4440-83db-ed368d4131ff)
2026-02-18 10:01 | BUY | BAC | 94 | 52.74 | Signal score 3 | SUBMITTED (order 8ced2e3d-216a-4b96-bc4a-902c914ccfe7)
2026-02-18 10:01 | BUY | BRK-B | 3 | 503.41 | Signal score 3 | BLOCKED — ticker error: {"code":40410000,"message":"asset not found for BRK-B"}
2026-02-18 10:01 | BUY | JNJ | 7 | 243.33 | Signal score 5 | SUBMITTED (order 7bbb25d7-5f69-4e1c-914a-48f60b461b3b)
2026-02-18 10:01 | BUY | WFC | 2 | 87.40 | Signal score 3 | SUBMITTED (order 4d4d54f4-48f4-4ae9-8bee-0b858482d2bd)
2026-02-18 10:01 | BUY | NVDA | 26 | 184.97 | Signal score 7 | SUBMITTED (order 89f9ecde-7157-48d2-8301-0c451f7f15ad)
2026-02-18 10:01 | BUY | AVGO | 14 | 332.54 | Signal score 3 | SUBMITTED (order 59b3bc1b-ecd3-4d10-8c62-69b5c5e6d128)
2026-02-18 10:01 | BUY | NVDA | 26 | 184.97 | Signal score 7 | SUBMITTED (order e62cb36d-d548-40c7-b87e-e7a69459c051)
2026-02-18 10:01 | BUY | ED | 44 | 113.03 | Signal score 6 | SUBMITTED (order b3fb75d9-0953-450f-a16a-2e46368fc397)
2026-02-18 10:01 | BUY | JNJ | 20 | 243.33 | Signal score 5 | SUBMITTED (order 7ffbd353-cdc3-4e10-8b13-4a6b578894b0)
2026-02-18 10:01 | BUY | O | 75 | 66.49 | Signal score 5 | SUBMITTED (order 61540a0b-51c9-457e-94a8-0487524583b4)
2026-02-18 10:01 | BUY | ANET | 35 | 142.58 | Signal score 7 | SUBMITTED (order f8eda1e7-0ee4-414f-bc0b-b22282ee01b5)
2026-02-18 10:01 | BUY | AVGO | 15 | 332.54 | Signal score 3 | SUBMITTED (order e1f6e1e9-33db-4882-b793-4851413d8e6d)
2026-02-18 10:01 | BUY | DECK | 42 | 117.37 | Signal score 5 | SUBMITTED (order 1a7c4df2-caae-4575-a901-a849abe60069)
2026-02-18 10:01 | BUY | CCJ | 44 | 112.94 | Signal score 3 | SUBMITTED (order 7469937c-2587-41c6-9b70-372ed3636557)
2026-02-18 10:01 | BUY | GEV | 6 | 819.15 | Signal score 5 | SUBMITTED (order ede3e84f-2603-4994-b39a-61491e15b71f)
2026-02-18 10:01 | BUY | TLN | 12 | 388.28 | Signal score 3 | SUBMITTED (order 5fb2dd52-5f04-476a-89ee-602c6db60225)
2026-02-18 10:01 | BUY | LMT | 7 | 649.58 | Signal score 3 | SUBMITTED (order d302d4db-0780-4633-b7c5-85c13f0cd023)
2026-02-18 10:01 | BUY | NOC | 7 | 701.12 | Signal score 3 | SUBMITTED (order 6c29a37a-098b-4c19-bc86-88f56ebb7009)
2026-02-18 10:01 | BUY | RTX | 24 | 203.50 | Signal score 3 | SUBMITTED (order 8902c228-47e0-4b35-94b6-a15bee10c3d3)
2026-02-18 10:01 | BUY | TXT | 50 | 99.70 | Signal score 4 | SUBMITTED (order 22325daf-f21d-4500-9aa2-87f20ccd2a22)
2026-02-18 10:02 | BUY | KO | 65 | 75.35 | Manual buy order | SUBMITTED (order 926da385-214f-41bc-b1b6-6067ab1caed2)
2026-02-18 10:02 | BUY | PG | 40 | 161.66 | Manual buy order | SUBMITTED (order 7b08bc7a-1061-464c-b0a6-8a554dbc1d80)
2026-02-18 10:02 | BUY | JPM | 30 | 299.07 | Manual buy order | SUBMITTED (order 1051775f-635e-48e0-9de1-810a820a98cf)
2026-02-18 10:02 | BUY | PLTR | 75 | 132.76 | Manual buy order | SUBMITTED (order e88459f2-9789-4b03-817a-b58919532249)
2026-02-18 10:02 | BUY | ARKK | 100 | 61.44 | Manual buy order | SUBMITTED (order fee74bce-5253-4bb9-a2af-2f160f897416)
2026-02-18 10:02 | BUY | AAPL | 50 | 255.20 | Manual buy order | SUBMITTED (order 5b684929-c054-4e5c-8a7e-9d32ee1235f2)
2026-02-18 10:02 | BUY | JPM | 20 | 299.07 | Manual buy order | SUBMITTED (order 89d381e6-ff56-4891-ad13-dba5d801bb49)
2026-02-18 10:02 | BUY | VZ | 200 | 48.34 | Manual buy order | SUBMITTED (order 2590d9ee-8a0f-4c62-80d0-df8c62faea83)
2026-02-18 10:02 | BUY | PG | 40 | 161.66 | Manual buy order | SUBMITTED (order 3029f736-7553-404e-8650-d552d1c55b26)
2026-02-18 10:02 | BUY | XOM | 60 | 110.87 | Manual buy order | SUBMITTED (order 494eac48-4fa3-4efc-81b7-515dd85b128a)
2026-02-18 10:02 | BUY | GE | 30 | 218.05 | Manual buy order | SUBMITTED (order d1ae2ea1-186a-4e13-9e21-f90b2cb86c08)
2026-02-18 10:02 | BUY | LLY | 8 | 909.91 | Manual buy order | SUBMITTED (order f44d20e2-eb15-4611-ac85-1b45e82f85f2)
2026-02-18 10:02 | BUY | BWXT | 30 | 134.82 | Manual buy order | SUBMITTED (order b98e934f-af58-4654-8be0-574cd570da11)
2026-02-18 10:02 | BUY | KTOS | 50 | 92.00 | Manual buy order | SUBMITTED (order 920a410d-9a19-4fed-ae64-31e3119795f4)
2026-02-18 10:02 | BUY | PLTR | 40 | 132.76 | Manual buy order | SUBMITTED (order 55f8943c-7f90-4194-bbab-350f42eb7457)
2026-02-18 10:02 | BUY | LHX | 15 | 213.93 | Manual buy order | SUBMITTED (order 12a399f5-c669-44b5-849a-ac9437f223f6)
2026-03-18 10:56 ET | === Autonomous Trader started ===
2026-03-18 10:57 ET | === Autonomous Trader started ===
2026-03-18 10:59 ET | === Autonomous Trader started ===
2026-03-18 10:59 ET | === Autonomous Trader started ===
2026-03-18 11:00 ET | DRY-SELL | Nuclear Renaissance | TLN | 6 shares @ ~$335.30 | TRIM 50% (score -3)
2026-03-18 11:00 ET | DRY-BUY | Value Picks | JNJ | 40 shares @ $238.75 = $9,549.80 | 🟢 STRONG BUY / ADD
2026-03-18 11:00 ET | DRY-BUY | Income Dividends | JNJ | 33 shares @ $238.75 = $7,878.59 | 🟢 STRONG BUY / ADD
2026-03-18 11:00 ET | DRY-BUY | Income Dividends | O | 114 shares @ $63.30 = $7,216.20 | 🟢 STRONG BUY / ADD
2026-03-18 11:00 ET | DRY-BUY | Momentum Growth | ANET | 24 shares @ $134.84 = $3,236.16 | 🟢 STRONG BUY / ADD
2026-03-18 11:00 ET | DRY-BUY | Nuclear Renaissance | GEV | 7 shares @ $864.62 = $6,052.38 | 🟢 STRONG BUY / ADD
2026-03-18 11:00 ET | DRY-BUY | AI Defense & Autonomous | RTX | 34 shares @ $206.34 = $7,015.73 | 🟢 STRONG BUY / ADD
2026-03-18 11:00 ET | DRY-BUY | AI Defense & Autonomous | LMT | 5 shares @ $642.62 = $3,213.12 | 🟢 STRONG BUY / ADD
2026-03-18 11:00 ET | === Autonomous Trader complete: 8 trades ===
2026-03-18 12:25 ET | === Autonomous Trader started ===
2026-03-18 12:26 ET | SELL | Nuclear Renaissance | TLN | 6 @ MKT | TRIM 50% (score -3) | order=7835abe3-5d06-4731-95f3-184034ea02b5
2026-03-18 12:26 ET | BUY | Value Picks | JNJ | 40 @ $237.48 = $9,499.20 | 🟢 STRONG BUY / ADD | order=d21ef543-7d16-4030-8681-ce9359af6bcb
2026-03-18 12:26 ET | BUY | Income Dividends | JNJ | 33 @ $237.48 = $7,836.84 | 🟢 STRONG BUY / ADD | order=da58a34c-6daa-4905-b8b4-fa5895c07bf6
2026-03-18 12:26 ET | BUY | Income Dividends | O | 113 @ $63.55 = $7,181.15 | 🟢 STRONG BUY / ADD | order=37d21fa3-e235-473d-b138-20e74c167cbe
2026-03-18 12:26 ET | BUY | Momentum Growth | ANET | 23 @ $136.74 = $3,145.02 | 🟢 STRONG BUY / ADD | order=aab1cdac-e88b-46fe-b0f3-7489d76e76df
2026-03-18 12:26 ET | BUY | Nuclear Renaissance | GEV | 7 @ $871.02 = $6,097.14 | 🟢 STRONG BUY / ADD | order=dc2a6b93-d33f-40b9-8a79-d7345681f3fb
2026-03-18 12:26 ET | BUY | AI Defense & Autonomous | RTX | 34 @ $205.85 = $6,998.90 | 🟢 STRONG BUY / ADD | order=eb66f397-978e-454e-bb2f-863360c4a918
2026-03-18 12:26 ET | BUY | AI Defense & Autonomous | LMT | 5 @ $642.12 = $3,210.62 | 🟢 STRONG BUY / ADD | order=73dd6722-80e5-4569-87c1-1535868607fd
2026-03-18 12:26 ET | === Autonomous Trader complete: 8 trades ===
2026-03-18 12:26 ET | === Autonomous Trader started ===
2026-03-18 12:29 ET | === Autonomous Trader started ===
2026-03-19 10:30 ET | === Autonomous Trader started ===
2026-03-19 10:30 ET | SELL | Nuclear Renaissance | TLN | 3 @ MKT | TRIM 50% (score -3) | order=7df281a7-40bb-4167-872c-64fb2b242bab
2026-03-19 10:30 ET | BUY | Value Picks | JNJ | 40 @ $237.71 = $9,508.20 | 🟢 STRONG BUY / ADD | order=3085d7fe-2e0b-4a60-8841-d1d385117351
2026-03-19 10:30 ET | PENDING | Value Picks | BUY JNJ | 40 shares — will reconcile at EOD
2026-03-19 10:30 ET | BUY | Income Dividends | JNJ | 33 @ $237.82 = $7,848.22 | 🟢 STRONG BUY / ADD | order=caa71eb0-23aa-4dba-a348-25d88589f0b4
2026-03-19 10:31 ET | PENDING | Income Dividends | BUY JNJ | 33 shares — will reconcile at EOD
2026-03-19 10:31 ET | BUY | Momentum Growth | ANET | 31 @ $134.48 = $4,168.88 | 🟢 STRONG BUY / ADD | order=6ad69b9b-b3ed-4bb3-9cc2-ffe01665c87a
2026-03-19 10:31 ET | PENDING | Momentum Growth | BUY ANET | 31 shares — will reconcile at EOD
2026-03-19 10:31 ET | BUY | Nuclear Renaissance | GEV | 1 @ $852.77 = $852.77 | 🟢 STRONG BUY / ADD | order=cca20985-e3a1-47c4-8df4-3dbcd00dc1e7
2026-03-19 10:31 ET | PENDING | Nuclear Renaissance | BUY GEV | 1 shares — will reconcile at EOD
2026-03-19 10:31 ET | === Autonomous Trader complete: 5 trades ===
2026-03-20 10:30 ET | === Autonomous Trader started ===
2026-03-20 10:30 ET | SELL | Value Picks | PG | 20 @ MKT | TRIM 50% (score -3) | order=e7a11613-be29-4971-bd45-7df30453fba0
2026-03-20 10:30 ET | SELL | Income Dividends | PG | 20 @ MKT | TRIM 50% (score -3) | order=2649b421-1f1f-4b0f-9cf1-e94889e891fd
2026-03-20 10:30 ET | SELL | Nuclear Renaissance | TLN | 1 @ MKT | TRIM 50% (score -3) | order=3794140e-2cf8-455b-a9aa-8a55d622d7e7
2026-03-20 10:30 ET | BUY | Value Picks | JNJ | 23 @ $236.00 = $5,428.00 | 🟢 STRONG BUY / ADD | order=ae490097-fa94-4e86-993a-4f2df496cea2
2026-03-20 10:30 ET | PENDING | Value Picks | BUY JNJ | 23 shares — will reconcile at EOD
2026-03-20 10:30 ET | BUY | Income Dividends | JNJ | 16 @ $236.05 = $3,776.78 | 🟢 STRONG BUY / ADD | order=e1d3ca0c-4717-45ab-92bd-3d403e1d291c
2026-03-20 11:19 ET | === Autonomous Trader started ===
2026-03-20 11:21 ET | === Autonomous Trader started ===
2026-03-20 11:21 ET | === Autonomous Trader started ===
2026-03-20 11:29 ET | === Autonomous Trader started ===
2026-03-20 11:29 ET | DRY-SELL | Value Picks | PG | 10 shares @ ~$145.10 | TRIM 50% (score -3)
2026-03-20 11:29 ET | DRY-SELL | Income Dividends | PG | 10 shares @ ~$145.10 | TRIM 50% (score -3)
2026-03-20 11:29 ET | DRY-SELL | Nuclear Renaissance | TLN | 1 shares @ ~$315.98 | TRIM 50% (score -3)
2026-03-20 11:29 ET | === Autonomous Trader complete: 3 trades ===
2026-03-20 11:32 ET | === Autonomous Trader started ===
2026-03-20 11:34 ET | DRY-SELL | Value Picks | PG | 10 shares @ ~$145.24 | TRIM 50% (score -3)
2026-03-20 11:34 ET | DRY-SELL | Growth Value | AVGO | 14 shares @ ~$316.14 | SWAP for GOOGL (score -1 vs 3)
2026-03-20 11:34 ET | DRY-SELL | Income Dividends | PG | 10 shares @ ~$145.24 | TRIM 50% (score -3)
2026-03-20 11:34 ET | DRY-SELL | Momentum Growth | AVGO | 15 shares @ ~$316.14 | SWAP for ANET (score -1 vs 4)
2026-03-20 11:34 ET | DRY-SELL | Nuclear Renaissance | TLN | 1 shares @ ~$315.64 | TRIM 50% (score -3)
2026-03-20 11:34 ET | DRY-BUY | Value Picks | ABBV | 24 shares @ $206.40 = $4,953.48 | 🟢 BUY / HOLD
2026-03-20 11:34 ET | DRY-BUY | Value Picks | AAPL | 20 shares @ $248.22 = $4,964.40 | 🟢 BUY / HOLD
2026-03-20 11:34 ET | DRY-BUY | Value Picks | KO | 66 shares @ $75.05 = $4,953.30 | 🟢 BUY / HOLD
2026-03-20 11:34 ET | DRY-BUY | Value Picks | TGT | 43 shares @ $113.66 = $4,887.53 | ⚪ HOLD
2026-03-20 11:34 ET | DRY-BUY | Value Picks | BAC | 106 shares @ $47.03 = $4,985.71 | ⚪ HOLD
2026-03-20 11:34 ET | DRY-BUY | Value Picks | WFC | 64 shares @ $77.03 = $4,929.92 | ⚪ HOLD
2026-03-20 11:34 ET | DRY-BUY | Value Picks | V | 16 shares @ $300.63 = $4,810.08 | ⚪ HOLD
2026-03-20 11:34 ET | DRY-BUY | Value Picks | LOW | 22 shares @ $225.69 = $4,965.18 | ⚪ HOLD
2026-03-20 11:34 ET | DRY-BUY | Innovation Fund | NVDA | 28 shares @ $175.80 = $4,922.27 | 🟢 BUY / HOLD
2026-03-20 11:34 ET | DRY-BUY | Growth Value | GOOGL | 26 shares @ $301.49 = $7,838.61 | 🟢 STRONG BUY / ADD
2026-03-20 11:34 ET | DRY-BUY | Growth Value | NVDA | 28 shares @ $175.80 = $4,922.27 | 🟢 BUY / HOLD
2026-03-20 11:34 ET | DRY-BUY | Growth Value | COST | 5 shares @ $978.43 = $4,892.17 | 🟢 BUY / HOLD
2026-03-20 11:34 ET | DRY-BUY | Income Dividends | SCHD | 261 shares @ $30.63 = $7,994.43 | 🟢 STRONG BUY / ADD
2026-03-20 11:34 ET | DRY-BUY | Income Dividends | EPD | 132 shares @ $37.73 = $4,980.36 | 🟢 BUY / HOLD
2026-03-20 11:34 ET | DRY-BUY | Income Dividends | KMI | 148 shares @ $33.66 = $4,981.35 | 🟢 BUY / HOLD
2026-03-20 11:34 ET | DRY-BUY | Income Dividends | MO | 77 shares @ $64.73 = $4,984.13 | 🟢 BUY / HOLD
2026-03-20 11:34 ET | DRY-BUY | Income Dividends | DUK | 38 shares @ $128.69 = $4,890.22 | ⚪ HOLD
2026-03-20 11:34 ET | DRY-BUY | Nuclear Renaissance | BWXT | 39 shares @ $202.70 = $7,905.12 | 🟢 STRONG BUY / ADD
2026-03-20 11:34 ET | DRY-BUY | Nuclear Renaissance | URA | 106 shares @ $47.12 = $4,994.72 | 🟢 BUY / HOLD
2026-03-20 11:34 ET | DRY-BUY | Nuclear Renaissance | DNN | 1481 shares @ $3.38 = $4,998.38 | 🟢 BUY / HOLD
2026-03-20 11:34 ET | DRY-BUY | Nuclear Renaissance | CCJ | 48 shares @ $102.89 = $4,938.72 | ⚪ HOLD
2026-03-20 11:34 ET | DRY-BUY | Nuclear Renaissance | CEG | 16 shares @ $300.81 = $4,812.96 | ⚪ HOLD
2026-03-20 11:34 ET | DRY-BUY | AI Defense & Autonomous | RCAT | 574 shares @ $13.93 = $7,995.82 | 🟢 STRONG BUY / ADD
2026-03-20 11:34 ET | DRY-BUY | AI Defense & Autonomous | NOC | 11 shares @ $713.26 = $7,845.91 | 🟢 STRONG BUY / ADD
2026-03-20 11:34 ET | DRY-BUY | AI Defense & Autonomous | GD | 14 shares @ $349.03 = $4,886.42 | 🟢 BUY / HOLD
2026-03-20 11:34 ET | DRY-BUY | AI Defense & Autonomous | LHX | 13 shares @ $357.64 = $4,649.32 | 🟢 BUY / HOLD
2026-03-20 11:34 ET | === Autonomous Trader complete: 31 trades ===
2026-03-20 11:58 ET | === Autonomous Trader started ===
2026-03-20 12:00 ET | DRY-SELL | Value Picks | PG | 10 shares @ ~$145.22 | TRIM 50% (score -3)
2026-03-20 12:00 ET | DRY-SELL | Growth Value | AVGO | 14 shares @ ~$316.90 | SWAP for GOOGL (score -1 vs 3)
2026-03-20 12:00 ET | DRY-SELL | Income Dividends | PG | 10 shares @ ~$145.22 | TRIM 50% (score -3)
2026-03-20 12:00 ET | DRY-SELL | Momentum Growth | AVGO | 15 shares @ ~$316.90 | SWAP for ANET (score -1 vs 4)
2026-03-20 12:00 ET | DRY-SELL | Nuclear Renaissance | TLN | 1 shares @ ~$316.78 | TRIM 50% (score -3)
2026-03-20 12:00 ET | DRY-BUY | Value Picks | ABBV | 24 shares @ $205.91 = $4,941.91 | 🟢 BUY / HOLD
2026-03-20 12:00 ET | DRY-BUY | Value Picks | AAPL | 20 shares @ $248.85 = $4,977.10 | 🟢 BUY / HOLD
2026-03-20 12:00 ET | DRY-BUY | Value Picks | KO | 66 shares @ $75.04 = $4,952.64 | 🟢 BUY / HOLD
2026-03-20 12:00 ET | DRY-BUY | Innovation Fund | NVDA | 28 shares @ $175.88 = $4,924.64 | 🟢 BUY / HOLD
2026-03-20 12:00 ET | DRY-BUY | Growth Value | GOOGL | 26 shares @ $302.07 = $7,853.71 | 🟢 STRONG BUY / ADD
2026-03-20 12:00 ET | DRY-BUY | Growth Value | COST | 5 shares @ $976.90 = $4,884.50 | 🟢 BUY / HOLD
2026-03-20 12:00 ET | DRY-BUY | Growth Value | NVDA | 28 shares @ $175.88 = $4,924.64 | 🟢 BUY / HOLD
2026-03-20 12:00 ET | DRY-BUY | Income Dividends | SCHD | 261 shares @ $30.61 = $7,989.18 | 🟢 STRONG BUY / ADD
2026-03-20 12:00 ET | DRY-BUY | Income Dividends | KMI | 148 shares @ $33.56 = $4,967.19 | 🟢 BUY / HOLD
2026-03-20 12:00 ET | DRY-BUY | Income Dividends | EPD | 132 shares @ $37.66 = $4,971.78 | 🟢 BUY / HOLD
2026-03-20 12:00 ET | DRY-BUY | Income Dividends | MO | 77 shares @ $64.63 = $4,976.51 | 🟢 BUY / HOLD
2026-03-20 12:00 ET | DRY-BUY | Nuclear Renaissance | BWXT | 39 shares @ $201.79 = $7,869.62 | 🟢 STRONG BUY / ADD
2026-03-20 12:00 ET | DRY-BUY | Nuclear Renaissance | DNN | 1481 shares @ $3.38 = $4,998.38 | 🟢 BUY / HOLD
2026-03-20 12:00 ET | DRY-BUY | Nuclear Renaissance | URA | 105 shares @ $47.21 = $4,957.05 | 🟢 BUY / HOLD
2026-03-20 12:00 ET | DRY-BUY | AI Defense & Autonomous | RCAT | 577 shares @ $13.86 = $7,997.22 | 🟢 STRONG BUY / ADD
2026-03-20 12:00 ET | DRY-BUY | AI Defense & Autonomous | NOC | 11 shares @ $709.25 = $7,801.75 | 🟢 STRONG BUY / ADD
2026-03-20 12:00 ET | DRY-BUY | AI Defense & Autonomous | GD | 14 shares @ $348.25 = $4,875.57 | 🟢 BUY / HOLD
2026-03-20 12:00 ET | DRY-BUY | AI Defense & Autonomous | LHX | 14 shares @ $355.86 = $4,982.04 | 🟢 BUY / HOLD
2026-03-20 12:00 ET | === Autonomous Trader complete: 23 trades ===
2026-03-20 12:17 ET | === Autonomous Trader started ===
2026-03-20 12:19 ET | DRY-SELL | Value Picks | PG | 20 shares @ ~$145.07 | SWAP for ABBV (score 0 vs 6)
2026-03-20 12:19 ET | DRY-SELL | Growth Value | AVGO | 14 shares @ ~$318.26 | SWAP for GOOGL (score 0 vs 4)
2026-03-20 12:19 ET | DRY-SELL | Income Dividends | VZ | 200 shares @ ~$50.35 | SWAP for O (score 0 vs 3)
2026-03-20 12:19 ET | DRY-SELL | Momentum Growth | AVGO | 15 shares @ ~$318.26 | SWAP for ANET (score 0 vs 6)
2026-03-20 12:19 ET | DRY-SELL | Nuclear Renaissance | TLN | 1 shares @ ~$318.19 | TRIM 50% (score -4)
2026-03-20 12:19 ET | DRY-BUY | Value Picks | ABBV | 58 shares @ $206.22 = $11,960.76 | 🟢 STRONG BUY / ADD
2026-03-20 12:19 ET | DRY-BUY | Value Picks | V | 39 shares @ $301.44 = $11,756.16 | 🟢 STRONG BUY / ADD
2026-03-20 12:19 ET | DRY-BUY | Value Picks | BAC | 169 shares @ $47.21 = $7,978.49 | 🟢 STRONG BUY / ADD
2026-03-20 12:19 ET | DRY-BUY | Value Picks | WFC | 103 shares @ $77.32 = $7,963.96 | 🟢 STRONG BUY / ADD
2026-03-20 12:19 ET | DRY-BUY | Value Picks | UNH | 28 shares @ $282.10 = $7,898.80 | 🟢 STRONG BUY / ADD
2026-03-20 12:19 ET | DRY-BUY | Value Picks | LOW | 35 shares @ $226.04 = $7,911.40 | 🟢 STRONG BUY / ADD
2026-03-20 12:19 ET | DRY-BUY | Value Picks | AAPL | 32 shares @ $248.72 = $7,958.88 | 🟢 STRONG BUY / ADD
2026-03-20 12:19 ET | DRY-BUY | Value Picks | HD | 15 shares @ $323.10 = $4,846.50 | 🟢 BUY / HOLD
2026-03-20 12:19 ET | DRY-BUY | Value Picks | MMM | 35 shares @ $141.04 = $4,936.40 | 🟢 BUY / HOLD
2026-03-20 12:19 ET | DRY-BUY | Value Picks | JPM | 14 shares @ $288.02 = $4,032.28 | 🟢 BUY / HOLD
2026-03-20 12:19 ET | DRY-BUY | Innovation Fund | NVDA | 28 shares @ $176.44 = $4,940.32 | 🟢 BUY / HOLD
2026-03-20 12:19 ET | DRY-BUY | Growth Value | GOOGL | 26 shares @ $302.58 = $7,867.00 | 🟢 STRONG BUY / ADD
2026-03-20 12:19 ET | DRY-BUY | Growth Value | UNH | 28 shares @ $282.10 = $7,898.80 | 🟢 STRONG BUY / ADD
2026-03-20 12:19 ET | DRY-BUY | Growth Value | CRM | 41 shares @ $194.34 = $7,968.14 | 🟢 STRONG BUY / ADD
2026-03-20 12:19 ET | DRY-BUY | Growth Value | COST | 8 shares @ $977.82 = $7,822.56 | 🟢 STRONG BUY / ADD
2026-03-20 12:19 ET | DRY-BUY | Growth Value | AAPL | 32 shares @ $248.72 = $7,958.88 | 🟢 STRONG BUY / ADD
2026-03-20 12:19 ET | DRY-BUY | Growth Value | MSFT | 12 shares @ $385.22 = $4,622.64 | 🟢 BUY / HOLD
2026-03-20 12:19 ET | DRY-BUY | Growth Value | NVDA | 28 shares @ $176.44 = $4,940.18 | 🟢 BUY / HOLD
2026-03-20 12:19 ET | DRY-BUY | Growth Value | JPM | 17 shares @ $288.02 = $4,896.34 | 🟢 BUY / HOLD
2026-03-20 12:19 ET | DRY-BUY | Income Dividends | EPD | 212 shares @ $37.69 = $7,989.22 | 🟢 STRONG BUY / ADD
2026-03-20 12:19 ET | DRY-BUY | Income Dividends | KMI | 238 shares @ $33.53 = $7,980.95 | 🟢 STRONG BUY / ADD
2026-03-20 12:19 ET | DRY-BUY | Income Dividends | SCHD | 261 shares @ $30.61 = $7,990.51 | 🟢 STRONG BUY / ADD
2026-03-20 12:19 ET | DRY-BUY | Income Dividends | IBM | 20 shares @ $246.70 = $4,934.00 | 🟢 BUY / HOLD
2026-03-20 12:19 ET | DRY-BUY | Income Dividends | PM | 30 shares @ $162.54 = $4,876.20 | 🟢 BUY / HOLD
2026-03-20 12:19 ET | DRY-BUY | Nuclear Renaissance | BWXT | 39 shares @ $203.80 = $7,948.20 | 🟢 STRONG BUY / ADD
2026-03-20 12:19 ET | DRY-BUY | Nuclear Renaissance | URA | 105 shares @ $47.37 = $4,973.85 | 🟢 BUY / HOLD
2026-03-20 12:19 ET | DRY-BUY | AI Defense & Autonomous | NOC | 11 shares @ $710.52 = $7,815.72 | 🟢 STRONG BUY / ADD
2026-03-20 12:19 ET | DRY-BUY | AI Defense & Autonomous | RCAT | 575 shares @ $13.90 = $7,995.38 | 🟢 STRONG BUY / ADD
2026-03-20 12:19 ET | DRY-BUY | AI Defense & Autonomous | LHX | 14 shares @ $355.74 = $4,980.36 | 🟢 BUY / HOLD
2026-03-20 12:19 ET | DRY-BUY | AI Defense & Autonomous | GD | 14 shares @ $348.12 = $4,873.68 | 🟢 BUY / HOLD
2026-03-20 12:19 ET | === Autonomous Trader complete: 35 trades ===
2026-03-20 12:22 ET | === Autonomous Trader started ===
2026-03-20 12:24 ET | SELL | Value Picks | PG | 20 @ MKT | SWAP for ABBV (score 0 vs 6) | order=1e14252e-a579-44f4-bf0f-daa608ce8195
2026-03-20 12:24 ET | SELL | Growth Value | AVGO | 14 @ MKT | SWAP for GOOGL (score 0 vs 4) | order=ca620df6-be64-43d1-9882-c229613ac737
2026-03-20 12:24 ET | SELL | Income Dividends | VZ | 200 @ MKT | SWAP for O (score 0 vs 3) | order=5f353fa6-50c4-4150-b660-a0f8e443af43
2026-03-20 12:24 ET | SELL | Momentum Growth | AVGO | 15 @ MKT | SWAP for ANET (score 0 vs 6) | order=cc2035a5-d07f-477c-84a3-1fe0ffed760b
2026-03-20 12:24 ET | SELL | Nuclear Renaissance | TLN | 1 @ MKT | TRIM 50% (score -4) | order=e1f87c11-b006-4d7f-9d5b-5be9b3a1a994
2026-03-20 12:24 ET | BUY | Value Picks | ABBV | 58 @ $206.62 = $11,983.96 | 🟢 STRONG BUY / ADD | order=82219d8c-83bb-4239-a342-455b7ad73a9f
2026-03-20 12:24 ET | BUY | Value Picks | V | 39 @ $302.35 = $11,791.65 | 🟢 STRONG BUY / ADD | order=39480ff8-e0fe-4591-8d39-0fe2a8f3207d
2026-03-20 12:24 ET | BUY | Value Picks | BAC | 169 @ $47.23 = $7,981.87 | 🟢 STRONG BUY / ADD | order=44321a0e-9334-4031-bdb0-5a1ad5e23e16
2026-03-20 12:24 ET | BUY | Value Picks | LOW | 5 @ $226.09 = $1,130.45 | 🟢 STRONG BUY / ADD | order=696c4be4-bad1-49a6-8aef-3ef837e679b6
2026-03-20 12:24 ET | BUY | Value Picks | UNH | 17 @ $282.25 = $4,798.25 | 🟢 STRONG BUY / ADD | order=11e0f378-2658-4bb7-b983-f14db25b1b60
2026-03-20 12:24 ET | BUY | Value Picks | WFC | 103 @ $77.44 = $7,976.32 | 🟢 STRONG BUY / ADD | order=7b299bbc-a1b4-4f53-9538-98eab9bc3226
2026-03-20 12:24 ET | BUY | Value Picks | AAPL | 32 @ $248.79 = $7,961.28 | 🟢 STRONG BUY / ADD | order=f6a224b4-1def-43f5-bf02-c92f56e6fc62
2026-03-20 12:24 ET | BUY | Value Picks | JPM | 17 @ $288.32 = $4,901.44 | 🟢 BUY / HOLD | order=10ebf804-30e9-446f-bb2d-6d4cea3c8234
2026-03-20 12:24 ET | BUY | Value Picks | MMM | 33 @ $141.05 = $4,654.65 | 🟢 BUY / HOLD | order=818c98c6-4777-4694-a102-c681e8517ef8
2026-03-20 12:24 ET | BUY | Value Picks | HD | 15 @ $323.22 = $4,848.30 | 🟢 BUY / HOLD | order=51b5579c-5195-465b-abe8-f5318e68948b
2026-03-20 12:24 ET | BUY | Innovation Fund | NVDA | 28 @ $176.20 = $4,933.52 | 🟢 BUY / HOLD | order=d7d90b0b-5f04-4701-91ee-c00d0a81222d
2026-03-20 12:24 ET | BUY | Growth Value | CRM | 41 @ $194.40 = $7,970.40 | 🟢 STRONG BUY / ADD | order=82cb3aad-cc6f-4421-9e6a-d3c4806e406d
2026-03-20 12:24 ET | BUY | Growth Value | UNH | 28 @ $282.29 = $7,904.12 | 🟢 STRONG BUY / ADD | order=24a2a1f2-9319-4daa-9670-a44fbeca2672
2026-03-20 12:24 ET | BUY | Growth Value | GOOGL | 25 @ $302.45 = $7,561.37 | 🟢 STRONG BUY / ADD | order=517fa0c4-6325-4ee2-99ee-acb3d8d8e242
2026-03-20 12:24 ET | BUY | Growth Value | COST | 8 @ $978.50 = $7,828.00 | 🟢 STRONG BUY / ADD | order=19624e40-bd4b-4edb-a121-b9bf7d36dce1
2026-03-20 12:24 ET | BUY | Growth Value | AAPL | 5 @ $248.76 = $1,243.80 | 🟢 STRONG BUY / ADD | order=b18a113b-8892-4203-b6f6-75a5bf6c6d90
2026-03-20 12:25 ET | BUY | Growth Value | NVDA | 6 @ $176.16 = $1,056.96 | 🟢 BUY / HOLD | order=1c16394e-05e6-48ca-9622-16efc63aca5b
2026-03-20 12:25 ET | BUY | Growth Value | MSFT | 8 @ $385.06 = $3,080.48 | 🟢 BUY / HOLD | order=15d89135-7e8f-47a0-a216-8426707c38f8
2026-03-20 12:25 ET | WARN | Growth Value | BUY JPM | market order status=orderstatus.new, using expected values
2026-03-20 12:25 ET | BUY | Growth Value | JPM | 17 @ $288.26 = $4,900.42 | 🟢 BUY / HOLD | order=250f72fa-3317-405c-bf99-632dbed763ce
2026-03-20 12:25 ET | BUY | Income Dividends | EPD | 49 @ $37.62 = $1,843.38 | 🟢 STRONG BUY / ADD | order=a3909218-5421-4623-a7ab-1bc01ed45078
2026-03-20 12:25 ET | BUY | Income Dividends | KMI | 206 @ $33.51 = $6,903.06 | 🟢 STRONG BUY / ADD | order=c5fdc5b5-5a5b-4910-a6e6-f273d9488b9d
2026-03-20 12:25 ET | BUY | Income Dividends | SCHD | 261 @ $30.61 = $7,989.21 | 🟢 STRONG BUY / ADD | order=8ab4c4a0-f236-4cca-a61d-b262d68dce66
2026-03-20 12:25 ET | BUY | Income Dividends | IBM | 19 @ $246.91 = $4,691.29 | 🟢 BUY / HOLD | order=d053db47-eda1-4419-b4f2-c0edd208b4d4
2026-03-20 12:25 ET | BUY | Income Dividends | PM | 12 @ $162.54 = $1,950.48 | 🟢 BUY / HOLD | order=76cb5008-fb04-4015-8750-79affbec82cd
2026-03-20 12:25 ET | BUY | Nuclear Renaissance | BWXT | 33 @ $203.45 = $6,713.85 | 🟢 STRONG BUY / ADD | order=7ea35adb-da02-4c3a-9917-c6c44cfe9efa
2026-03-20 12:25 ET | BUY | Nuclear Renaissance | URA | 99 @ $47.23 = $4,675.77 | 🟢 BUY / HOLD | order=aa2a87a5-cfb8-42ac-aeb8-9e0423e1c6c1
2026-03-20 12:25 ET | BUY | AI Defense & Autonomous | RCAT | 579 @ $13.80 = $7,990.20 | 🟢 STRONG BUY / ADD | order=d622babe-11f6-4516-8711-7618d6cd7262
2026-03-20 12:25 ET | BUY | AI Defense & Autonomous | NOC | 9 @ $711.26 = $6,401.34 | 🟢 STRONG BUY / ADD | order=579df337-8013-4d43-93d2-ee9c0f7cda83
2026-03-20 12:25 ET | BUY | AI Defense & Autonomous | LHX | 14 @ $355.26 = $4,973.64 | 🟢 BUY / HOLD | order=ba23d430-9dd6-4046-ba3f-22647d6b5fde
2026-03-20 12:25 ET | BUY | AI Defense & Autonomous | GD | 14 @ $348.30 = $4,876.20 | 🟢 BUY / HOLD | order=82084f73-52ae-48ef-b4ad-ab4e781155fb
2026-03-20 12:25 ET | === Autonomous Trader complete: 35 trades ===
2026-03-20 12:29 ET | === Autonomous Trader started ===
2026-03-23 10:30 ET | === Autonomous Trader started ===
2026-03-23 10:32 ET | SELL | Value Picks | HD | 15 @ MKT | SWAP for ABBV (score 2 vs 6) | order=d003d533-9a08-4369-ad02-ec6ac45bf852
2026-03-23 10:32 ET | SKIP | Nuclear Renaissance | TLN | round-trip limit reached this week
2026-03-23 10:32 ET | SELL | AI Defense & Autonomous | RCAT | 579 @ MKT | SWAP for NOC (score 0 vs 3) | order=32e06e64-1a6c-4d27-bb9a-db45272cc538
2026-03-23 10:32 ET | BUY | Value Picks | UNH | 7 @ $276.47 = $1,935.29 | 🟢 STRONG BUY / ADD | order=aa3d9f25-d0a5-4f95-9d51-61843768f53e
2026-03-23 10:32 ET | BUY | Growth Value | AAPL | 4 @ $252.01 = $1,008.04 | 🟢 STRONG BUY / ADD | order=4b25b839-bfb3-4267-8afe-6ebd5a8d95c3
2026-03-23 10:32 ET | BUY | Income Dividends | IBM | 28 @ $249.98 = $6,999.44 | 🟢 STRONG BUY / ADD | order=98315490-2762-48bf-9db0-dd8a1f7ec865
2026-03-23 10:32 ET | BUY | Income Dividends | KMI | 98 @ $33.13 = $3,246.74 | 🟢 STRONG BUY / ADD | order=30b18e29-8845-41d1-9efa-2da78c6f6f5c
2026-03-23 10:32 ET | BUY | Income Dividends | SCHD | 365 @ $30.73 = $11,216.45 | 🟢 STRONG BUY / ADD | order=c2b51303-8cc5-4027-869b-21887d05bcd3
2026-03-23 10:32 ET | BUY | Income Dividends | EPD | 36 @ $37.70 = $1,357.20 | 🟢 STRONG BUY / ADD | order=9d8d2901-1996-48a3-bbcb-dd1dc72dbd10
2026-03-23 10:32 ET | BUY | Income Dividends | PM | 18 @ $164.26 = $2,956.68 | 🟢 STRONG BUY / ADD | order=dbba1730-bfad-469a-97ed-8ead392c687a
2026-03-23 10:32 ET | BUY | Nuclear Renaissance | URA | 103 @ $48.31 = $4,975.93 | 🟢 BUY / HOLD | order=70196e9c-af21-485c-b537-14d01639aac7
2026-03-23 10:32 ET | BUY | Nuclear Renaissance | DNN | 979 @ $3.44 = $3,367.76 | 🟢 BUY / HOLD | order=939d06ee-9db4-47b0-9e3b-da2b98264812
2026-03-23 10:32 ET | BUY | Nuclear Renaissance | CCJ | 47 @ $105.99 = $4,981.53 | 🟢 BUY / HOLD | order=afa8718b-a026-4467-8303-3870ea841af9
2026-03-23 10:32 ET | === Autonomous Trader complete: 12 trades ===
2026-03-25 10:06 ET | === Autonomous Trader started ===
2026-03-25 10:08 ET | DRY-SELL | Value Picks | JPM | 17 shares @ ~$295.11 | SWAP for ABBV (score -2 vs 6)
2026-03-25 10:08 ET | DRY-SELL | Growth Value | JPM | 17 shares @ ~$295.11 | SWAP for CRM (score -2 vs 6)
2026-03-25 10:08 ET | DRY-SELL | Income Dividends | ED | 44 shares @ ~$109.68 | SWAP for O (score 2 vs 6)
2026-03-25 10:08 ET | DRY-SELL | Momentum Growth | ANET | 89 shares @ ~$131.70 | SWAP for GEV (score 4 vs 10)
2026-03-25 10:08 ET | SKIP | Nuclear Renaissance | TLN | round-trip limit reached this week
2026-03-25 10:08 ET | DRY-SELL | AI Defense & Autonomous | LHX | 14 shares @ ~$352.23 | SWAP for RTX (score 0 vs 3)
2026-03-25 10:08 ET | DRY-BUY | Value Picks | KHC | 234 shares @ $21.34 = $4,992.39 | 🟢 BUY / HOLD
2026-03-25 10:08 ET | SKIP | Value Picks | BUY PG | round-trip limit
2026-03-25 10:08 ET | DRY-BUY | Value Picks | KO | 67 shares @ $74.31 = $4,979.10 | 🟢 BUY / HOLD
2026-03-25 10:08 ET | DRY-BUY | Innovation Fund | TWLO | 63 shares @ $126.91 = $7,995.02 | 🟢 STRONG BUY / ADD
2026-03-25 10:08 ET | DRY-BUY | Innovation Fund | PLTR | 31 shares @ $158.60 = $4,916.60 | 🟢 BUY / HOLD
2026-03-25 10:08 ET | DRY-BUY | Innovation Fund | NET | 22 shares @ $223.56 = $4,918.43 | 🟢 BUY / HOLD
2026-03-25 10:08 ET | DRY-BUY | Innovation Fund | ROKU | 51 shares @ $96.55 = $4,924.05 | 🟢 BUY / HOLD
2026-03-25 10:08 ET | DRY-BUY | Growth Value | CRM | 24 shares @ $183.79 = $4,411.08 | 🟢 STRONG BUY / ADD
2026-03-25 10:08 ET | DRY-BUY | Growth Value | MSFT | 9 shares @ $373.56 = $3,362.04 | 🟢 STRONG BUY / ADD
2026-03-25 10:08 ET | SKIP | Growth Value | BUY AVGO | round-trip limit
2026-03-25 10:08 ET | DRY-BUY | Growth Value | AMZN | 23 shares @ $211.56 = $4,865.88 | 🟢 BUY / HOLD
2026-03-25 10:08 ET | DRY-BUY | Growth Value | NVDA | 17 shares @ $179.16 = $3,045.80 | 🟢 BUY / HOLD
2026-03-25 10:08 ET | DRY-BUY | Growth Value | META | 8 shares @ $597.88 = $4,783.04 | 🟢 BUY / HOLD
2026-03-25 10:08 ET | DRY-BUY | Growth Value | MA | 10 shares @ $498.59 = $4,985.90 | 🟢 BUY / HOLD
2026-03-25 10:08 ET | DRY-BUY | Growth Value | AAPL | 6 shares @ $251.95 = $1,511.72 | 🟢 BUY / HOLD
2026-03-25 10:08 ET | DRY-BUY | Income Dividends | O | 11 shares @ $60.15 = $661.65 | 🟢 STRONG BUY / ADD
2026-03-25 10:08 ET | DRY-BUY | Income Dividends | PM | 25 shares @ $163.58 = $4,089.50 | 🟢 STRONG BUY / ADD
2026-03-25 10:08 ET | DRY-BUY | Income Dividends | KMI | 15 shares @ $34.11 = $511.65 | 🟢 STRONG BUY / ADD
2026-03-25 10:09 ET | DRY-BUY | Income Dividends | EPD | 62 shares @ $38.59 = $2,392.58 | 🟢 STRONG BUY / ADD
2026-03-25 10:09 ET | DRY-BUY | Income Dividends | SCHD | 187 shares @ $30.42 = $5,688.54 | 🟢 STRONG BUY / ADD
2026-03-25 10:09 ET | DRY-BUY | Momentum Growth | GEV | 12 shares @ $939.48 = $11,273.70 | 🟢 STRONG BUY / ADD
2026-03-25 10:09 ET | DRY-BUY | Momentum Growth | TRGP | 32 shares @ $244.41 = $7,820.96 | 🟢 STRONG BUY / ADD
2026-03-25 10:09 ET | DRY-BUY | Momentum Growth | LLY | 5 shares @ $910.95 = $4,554.75 | 🟢 BUY / HOLD
2026-03-25 10:09 ET | DRY-BUY | Momentum Growth | NFLX | 54 shares @ $91.31 = $4,930.74 | 🟢 BUY / HOLD
2026-03-25 10:09 ET | DRY-BUY | Nuclear Renaissance | URA | 100 shares @ $49.81 = $4,981.00 | 🟢 BUY / HOLD
2026-03-25 10:09 ET | DRY-BUY | Nuclear Renaissance | DNN | 398 shares @ $3.63 = $1,444.74 | 🟢 BUY / HOLD
2026-03-25 10:09 ET | SKIP | AI Defense & Autonomous | BUY RCAT | round-trip limit
2026-03-25 10:09 ET | DRY-BUY | AI Defense & Autonomous | PLTR | 31 shares @ $158.58 = $4,915.98 | 🟢 BUY / HOLD
2026-03-25 10:09 ET | DRY-BUY | AI Defense & Autonomous | KTOS | 63 shares @ $78.31 = $4,933.85 | 🟢 BUY / HOLD
2026-03-25 10:09 ET | === Autonomous Trader complete: 31 trades ===
2026-03-25 10:30 ET | === Autonomous Trader started ===
2026-03-25 10:32 ET | SELL | Value Picks | JPM | 17 @ MKT | SWAP for ABBV (score -2 vs 6) | order=a563f544-fdbe-465f-9964-6f578bfe8eb9
2026-03-25 10:32 ET | SELL | Growth Value | JPM | 17 @ MKT | SWAP for CRM (score -2 vs 6) | order=13634d58-474d-4e03-9e19-4e079be39478
2026-03-25 10:32 ET | SELL | Income Dividends | ED | 44 @ MKT | SWAP for O (score 2 vs 6) | order=205d79c4-c723-47ac-b19c-206deecda102
2026-03-25 10:32 ET | SELL | Momentum Growth | ANET | 89 @ MKT | SWAP for GEV (score 4 vs 10) | order=60b3a5db-927d-4fe4-9a69-b0c98b2222ab
2026-03-25 10:32 ET | SKIP | Nuclear Renaissance | TLN | round-trip limit reached this week
2026-03-25 10:32 ET | SELL | AI Defense & Autonomous | LHX | 14 @ MKT | SWAP for RTX (score 0 vs 3) | order=b32bacc6-2d17-4d74-88b4-7519829a0416
2026-03-25 10:32 ET | BUY | Value Picks | KHC | 226 @ $21.39 = $4,834.14 | 🟢 BUY / HOLD | order=f8724bef-57c5-492e-a019-716fa746a1b2
2026-03-25 10:32 ET | BUY | Value Picks | KO | 30 @ $74.38 = $2,231.40 | 🟢 BUY / HOLD | order=9edbfe25-5f51-4577-93ba-6bc7a27319a4
2026-03-25 10:32 ET | SKIP | Value Picks | BUY PG | round-trip limit
2026-03-25 10:32 ET | BUY | Innovation Fund | TWLO | 62 @ $127.25 = $7,889.50 | 🟢 STRONG BUY / ADD | order=3db62fea-8a1b-45de-81d9-d99aaa8932be
2026-03-25 10:32 ET | BUY | Innovation Fund | NET | 20 @ $224.42 = $4,488.40 | 🟢 BUY / HOLD | order=4eb3ce78-6f82-4127-986f-f70aaec52b92
2026-03-25 10:32 ET | BUY | Innovation Fund | PLTR | 20 @ $159.05 = $3,181.02 | 🟢 BUY / HOLD | order=b032d0b6-cc51-47ff-b9a1-9a1521da2c76
2026-03-25 10:32 ET | BUY | Innovation Fund | ROKU | 51 @ $96.64 = $4,928.64 | 🟢 BUY / HOLD | order=52134139-2e06-4194-9855-294d23a57408
2026-03-25 10:33 ET | BUY | Growth Value | CRM | 24 @ $183.92 = $4,414.08 | 🟢 STRONG BUY / ADD | order=9b8708ba-3d51-4144-86d2-ed53bd5dddad
2026-03-25 10:33 ET | WARN | Growth Value | BUY MSFT | market order status=orderstatus.new, using expected values
2026-03-25 10:33 ET | BUY | Growth Value | MSFT | 9 @ $373.95 = $3,365.59 | 🟢 STRONG BUY / ADD | order=e331f98e-b623-42df-b212-c6fb625d2133
2026-03-25 10:33 ET | BUY | Growth Value | AMZN | 22 @ $212.03 = $4,664.66 | 🟢 BUY / HOLD | order=7e5cfd45-6db0-4069-a448-1c3808ef29d8
2026-03-25 10:33 ET | SKIP | Growth Value | BUY AVGO | round-trip limit
2026-03-25 10:33 ET | BUY | Growth Value | META | 7 @ $599.81 = $4,198.67 | 🟢 BUY / HOLD | order=302c772c-1cc6-447a-ade9-7c90b11a185a
2026-03-25 10:33 ET | BUY | Growth Value | NVDA | 17 @ $180.17 = $3,062.89 | 🟢 BUY / HOLD | order=9e623e3d-ce43-40cb-ae46-f8d999177499
2026-03-25 10:33 ET | BUY | Growth Value | MA | 6 @ $500.14 = $3,000.84 | 🟢 BUY / HOLD | order=3ae13b79-c028-4a29-98fa-4fa7c5efff3b
2026-03-25 10:33 ET | BUY | Growth Value | AAPL | 3 @ $252.87 = $758.61 | 🟢 BUY / HOLD | order=4c667e67-1568-4310-82cf-4401e2332c00
2026-03-25 10:33 ET | BUY | Income Dividends | O | 11 @ $60.14 = $661.54 | 🟢 STRONG BUY / ADD | order=2cfd2ed5-3364-4873-9e77-4ffb280e3977
2026-03-25 10:33 ET | BUY | Income Dividends | PM | 16 @ $164.57 = $2,633.12 | 🟢 STRONG BUY / ADD | order=427e87af-8627-4e01-9ae9-17af7ac1c80b
2026-03-25 10:33 ET | BUY | Income Dividends | EPD | 62 @ $38.69 = $2,398.78 | 🟢 STRONG BUY / ADD | order=f1781e6e-a438-47e1-a556-7c95dbe45480
2026-03-25 10:33 ET | BUY | Income Dividends | SCHD | 391 @ $30.47 = $11,913.77 | 🟢 STRONG BUY / ADD | order=2a72714b-5d14-4b49-981f-6d8613b5328e
2026-03-25 10:33 ET | BUY | Income Dividends | KMI | 11 @ $34.08 = $374.88 | 🟢 STRONG BUY / ADD | order=d3be8040-25ec-4020-bca8-ec27c52f9f57
2026-03-25 10:33 ET | BUY | Momentum Growth | GEV | 12 @ $941.47 = $11,297.64 | 🟢 STRONG BUY / ADD | order=9b2f4daa-854c-4cce-b65f-cf736f42a230
2026-03-25 10:33 ET | SKIP | Momentum Growth | BUY ANET | round-trip limit
2026-03-25 10:33 ET | BUY | Momentum Growth | TRGP | 2 @ $244.97 = $489.94 | 🟢 STRONG BUY / ADD | order=51be6a7d-0af6-42b1-988f-ff368b429e27
2026-03-25 10:33 ET | BUY | Momentum Growth | LLY | 5 @ $909.91 = $4,549.55 | 🟢 BUY / HOLD | order=a5e1f37f-0287-4336-b290-946140cf810d
2026-03-25 10:33 ET | BUY | Momentum Growth | NFLX | 50 @ $92.05 = $4,602.50 | 🟢 BUY / HOLD | order=a408112d-1446-4ebb-9cd9-addcbecd1c36
2026-03-25 10:33 ET | BUY | Nuclear Renaissance | URA | 85 @ $50.03 = $4,252.55 | 🟢 BUY / HOLD | order=10050351-9354-4040-8f4a-e6cb8414d7ac
2026-03-25 10:33 ET | BUY | Nuclear Renaissance | DNN | 392 @ $3.65 = $1,430.80 | 🟢 BUY / HOLD | order=a19d4b79-509b-4692-b0fa-462514bfb1be
2026-03-25 10:33 ET | SKIP | AI Defense & Autonomous | BUY RCAT | round-trip limit
2026-03-25 10:33 ET | BUY | AI Defense & Autonomous | KTOS | 63 @ $79.26 = $4,993.38 | 🟢 BUY / HOLD | order=cce089b7-a9db-4e9d-99c5-04a4beff5151
2026-03-25 10:33 ET | BUY | AI Defense & Autonomous | PLTR | 30 @ $158.97 = $4,769.10 | 🟢 BUY / HOLD | order=6990e489-f1bf-4871-969c-8af84583c2a9
2026-03-25 10:33 ET | === Autonomous Trader complete: 31 trades ===
2026-03-25 10:39 ET | === Autonomous Trader started ===
2026-03-25 10:41 ET | DRY-SELL | Momentum Growth | NFLX | 50 shares @ ~$92.08 | SWAP for GEV (score 2 vs 10)
2026-03-25 10:41 ET | SKIP | Nuclear Renaissance | TLN | round-trip limit reached this week
2026-03-25 10:41 ET | SKIP | Value Picks | BUY PG | round-trip limit
2026-03-25 10:41 ET | DRY-BUY | Value Picks | KO | 37 shares @ $74.40 = $2,752.80 | 🟢 BUY / HOLD
2026-03-25 10:41 ET | DRY-BUY | Innovation Fund | NET | 2 shares @ $223.88 = $447.76 | 🟢 BUY / HOLD
2026-03-25 10:41 ET | DRY-BUY | Innovation Fund | PLTR | 11 shares @ $159.34 = $1,752.80 | 🟢 BUY / HOLD
2026-03-25 10:41 ET | DRY-BUY | Growth Value | META | 1 shares @ $600.50 = $600.50 | 🟢 BUY / HOLD
2026-03-25 10:41 ET | SKIP | Growth Value | BUY AVGO | round-trip limit
2026-03-25 10:41 ET | DRY-BUY | Growth Value | AAPL | 3 shares @ $253.13 = $759.39 | 🟢 BUY / HOLD
2026-03-25 10:41 ET | DRY-BUY | Growth Value | MA | 4 shares @ $499.41 = $1,997.64 | 🟢 BUY / HOLD
2026-03-25 10:41 ET | DRY-BUY | Momentum Growth | TRGP | 30 shares @ $244.55 = $7,336.50 | 🟢 STRONG BUY / ADD
2026-03-25 10:41 ET | SKIP | Momentum Growth | BUY ANET | round-trip limit
2026-03-25 10:41 ET | DRY-BUY | Nuclear Renaissance | URA | 100 shares @ $49.98 = $4,998.00 | 🟢 BUY / HOLD
2026-03-25 10:41 ET | SKIP | AI Defense & Autonomous | BUY RCAT | round-trip limit
2026-03-25 10:41 ET | === Autonomous Trader complete: 9 trades ===
2026-03-25 21:41 ET | DRY-STOP-SELL | Nuclear Renaissance | TLN | 1 shares @ $328.29 | Trailing stop triggered: $328.29 <= $340.47 (HWM $386.90, -15.1%)
2026-03-26 10:01 ET | === Autonomous Trader started ===
2026-03-26 10:03 ET | DRY-SELL | Value Picks | MMM | 35 shares @ ~$146.90 | SWAP for UNH (score -2 vs 8)
2026-03-26 10:03 ET | DRY-SELL | Innovation Fund | ROKU | 51 shares @ ~$95.45 | SWAP for TWLO (score 1 vs 4)
2026-03-26 10:03 ET | DRY-SELL | Income Dividends | PG | 20 shares @ ~$144.02 | SWAP for O (score 0 vs 5)
2026-03-26 10:03 ET | DRY-SELL | Momentum Growth | NFLX | 50 shares @ ~$93.58 | SWAP for GEV (score 2 vs 8)
2026-03-26 10:03 ET | SKIP | Nuclear Renaissance | TLN | round-trip limit reached this week
2026-03-26 10:03 ET | DRY-STOP-SELL | Nuclear Renaissance | TLN | 1.0 shares @ $326.91 | Trailing stop triggered: $326.91 <= $340.47 (HWM $386.90, -15.5%)
2026-03-26 10:03 ET | DRY-BUY | Value Picks | UNH | 15 shares @ $274.29 = $4,114.28 | 🟢 STRONG BUY / ADD
2026-03-26 10:03 ET | DRY-BUY | Innovation Fund | NET | 3 shares @ $217.01 = $651.03 | 🟢 BUY / HOLD
2026-03-26 10:03 ET | DRY-BUY | Innovation Fund | PLTR | 13 shares @ $151.17 = $1,965.21 | 🟢 BUY / HOLD
2026-03-26 10:03 ET | DRY-BUY | Growth Value | GOOGL | 1 shares @ $286.62 = $286.62 | 🟢 STRONG BUY / ADD
2026-03-26 10:03 ET | DRY-BUY | Growth Value | MA | 3 shares @ $503.58 = $1,510.75 | 🟢 BUY / HOLD
2026-03-26 10:03 ET | DRY-BUY | Growth Value | META | 1 shares @ $578.00 = $578.00 | 🟢 BUY / HOLD
2026-03-26 10:03 ET | SKIP | Growth Value | BUY AVGO | round-trip limit
2026-03-26 10:03 ET | DRY-BUY | Growth Value | AAPL | 3 shares @ $254.19 = $762.57 | 🟢 BUY / HOLD
2026-03-26 10:03 ET | DRY-BUY | Momentum Growth | GEV | 1 shares @ $905.51 = $905.51 | 🟢 STRONG BUY / ADD
2026-03-26 10:03 ET | DRY-BUY | Momentum Growth | TRGP | 30 shares @ $245.10 = $7,353.00 | 🟢 STRONG BUY / ADD
2026-03-26 10:03 ET | SKIP | Momentum Growth | BUY ANET | round-trip limit
2026-03-26 10:03 ET | DRY-BUY | Momentum Growth | GE | 17 shares @ $291.20 = $4,950.40 | 🟢 BUY / HOLD
2026-03-26 10:03 ET | DRY-BUY | Nuclear Renaissance | URA | 103 shares @ $48.11 = $4,955.48 | 🟢 BUY / HOLD
2026-03-26 10:03 ET | SKIP | AI Defense & Autonomous | BUY RCAT | round-trip limit
2026-03-26 10:03 ET | === Autonomous Trader complete: 16 trades ===
2026-03-26 10:30 ET | === Autonomous Trader started ===
2026-03-26 10:32 ET | SELL | Value Picks | MMM | 35 @ MKT | SWAP for UNH (score -2 vs 8) | order=9d80c485-52fd-464e-873a-f20d94b5a673
2026-03-26 10:32 ET | SELL | Innovation Fund | ROKU | 51 @ MKT | SWAP for TWLO (score 1 vs 4) | order=fb271f67-a0ba-4deb-9115-120f01e8d4c0
2026-03-26 10:32 ET | SELL | Income Dividends | PG | 20 @ MKT | SWAP for O (score 0 vs 5) | order=db437f1c-e106-4cbb-a1d6-0da9ec4164d4
2026-03-26 10:32 ET | SELL | Momentum Growth | NFLX | 50 @ MKT | SWAP for GEV (score 2 vs 8) | order=3b36b1e1-fcfc-4956-b216-eb4c103af3c7
2026-03-26 10:32 ET | SKIP | Nuclear Renaissance | TLN | round-trip limit reached this week
2026-03-26 10:32 ET | STOP-SELL | Nuclear Renaissance | TLN | 1 @ $323.45 = $323.45 | Trailing stop triggered: $323.45 <= $340.47 (HWM $386.90, -16.4%) | order=98f69065-be34-44f6-b8b0-631ec11afa94
2026-03-26 10:33 ET | BUY | Value Picks | UNH | 3 @ $273.34 = $820.02 | 🟢 STRONG BUY / ADD | order=360532e1-d96e-489c-ad0d-e5d58d7b5990
2026-03-26 10:33 ET | BUY | Innovation Fund | PLTR | 8 @ $150.80 = $1,206.40 | 🟢 BUY / HOLD | order=ac31fd09-323e-41fb-bcb1-bf52801d741d
2026-03-26 10:33 ET | BUY | Innovation Fund | NET | 3 @ $217.50 = $652.50 | 🟢 BUY / HOLD | order=ce8b8c1f-6060-492b-b336-37942735e960
2026-03-26 10:33 ET | WARN | Growth Value | BUY GOOGL | market order status=orderstatus.new, using expected values
2026-03-26 10:33 ET | BUY | Growth Value | GOOGL | 1 @ $287.34 = $287.34 | 🟢 STRONG BUY / ADD | order=f1bd0c74-1a46-49e2-b23b-961378c5a2bf
2026-03-26 10:33 ET | SKIP | Growth Value | BUY AVGO | round-trip limit
2026-03-26 10:33 ET | BUY | Growth Value | MA | 3 @ $503.55 = $1,510.65 | 🟢 BUY / HOLD | order=36212aef-25ac-4c44-99c4-7a829e2f3c29
2026-03-26 10:33 ET | BUY | Growth Value | META | 1 @ $570.33 = $570.33 | 🟢 BUY / HOLD | order=5842534a-1108-406d-96b7-730e3f612919
2026-03-26 10:33 ET | BUY | Growth Value | AAPL | 3 @ $256.14 = $768.42 | 🟢 BUY / HOLD | order=a00a107a-249a-4069-9840-8459080d2071
2026-03-26 10:33 ET | BUY | Momentum Growth | GEV | 1 @ $905.40 = $905.40 | 🟢 STRONG BUY / ADD | order=d74bffd1-6c06-46f9-b8ee-62fb00d9fc83
2026-03-26 10:33 ET | SKIP | Momentum Growth | BUY ANET | round-trip limit
2026-03-26 10:33 ET | BUY | Momentum Growth | TRGP | 26 @ $248.92 = $6,471.92 | 🟢 STRONG BUY / ADD | order=3641696a-eb3f-4071-aa29-85691fa3d756
2026-03-26 10:33 ET | BUY | Momentum Growth | GE | 14 @ $291.33 = $4,078.62 | 🟢 BUY / HOLD | order=d3367007-2984-446a-a423-536adcf7a17a
2026-03-26 10:33 ET | SKIP | Momentum Growth | BUY NFLX | round-trip limit
2026-03-26 10:33 ET | BUY | Nuclear Renaissance | URA | 97 @ $48.33 = $4,688.17 | 🟢 BUY / HOLD | order=5180c65c-5821-4a50-9815-e534c2510fd9
2026-03-26 10:33 ET | SKIP | AI Defense & Autonomous | BUY RCAT | round-trip limit
2026-03-26 10:33 ET | === Autonomous Trader complete: 16 trades ===
2026-03-26 16:56 ET | === Autonomous Trader started ===
2026-03-26 16:58 ET | === Autonomous Trader started ===
2026-03-27 10:30 ET | === Autonomous Trader started ===
2026-03-28 21:15 ET | === Autonomous Trader started ===
2026-03-28 21:17 ET | === Autonomous Trader complete: 0 trades ===
2026-03-30 10:30 ET | === Autonomous Trader started ===
2026-03-30 10:32 ET | SELL | Value Picks | KO | 67 @ MKT | SWAP for V (score 0 vs 12) | order=59f97639-bb5f-42f0-b0ec-85d4a2c19e8a
2026-03-30 10:32 ET | SELL | Momentum Growth | LLY | 5 @ MKT | SWAP for GEV (score 1 vs 10) | order=4ef3203e-e106-4c8b-9e05-381b00d45a8f
2026-03-30 10:32 ET | SELL | AI Defense & Autonomous | KTOS | 63 @ MKT | SWAP for GD (score -1 vs 4) | order=70234d4b-105e-4c61-8169-6496f81cfbc6
2026-03-30 10:32 ET | STOP-SELL | Nuclear Renaissance | GEV | 14 @ $822.49 = $11,514.86 | Trailing stop triggered: $822.49 <= $834.57 (HWM $948.38, -13.3%) | order=8a9962b3-9ae3-4126-81c2-a04723eae954
2026-03-30 10:32 ET | STOP-SELL | Momentum Growth | GEV | 13 @ $822.49 = $10,692.37 | Trailing stop triggered: $822.49 <= $853.54 (HWM $948.38, -13.3%) | order=344e68e8-e7c2-408f-870f-cd9f51ebb1c2
2026-03-30 10:32 ET | BUY | Value Picks | UNH | 3 @ $259.85 = $779.55 | 🟢 STRONG BUY / ADD | order=ce8a5f6f-9dae-4dff-b6fd-fc4915d4c9b0
2026-03-30 10:32 ET | BUY | Value Picks | PG | 83 @ $144.44 = $11,988.52 | 🟢 STRONG BUY / ADD | order=76e9850c-ddce-4e81-8217-8d31f5c20c09
2026-03-30 10:32 ET | BUY | Value Picks | HD | 24 @ $326.31 = $7,831.44 | 🟢 STRONG BUY / ADD | order=6480db96-1218-4cad-a9f5-9490fb7cece4
2026-03-30 10:32 ET | BUY | Value Picks | MRK | 18 @ $119.55 = $2,151.90 | 🟢 STRONG BUY / ADD | order=54026fa4-81d7-4015-a799-72311fc5eda1
2026-03-30 10:32 ET | BUY | Innovation Fund | ARM | 35 @ $141.92 = $4,967.20 | 🟢 BUY / HOLD | order=19d1272a-eec9-44cb-84b1-e89e2f39075e
2026-03-30 10:32 ET | BUY | Growth Value | GOOGL | 13 @ $274.15 = $3,563.95 | 🟢 STRONG BUY / ADD | order=173d5ec6-5f2d-4b62-ae87-382bf209a389
2026-03-30 10:32 ET | BUY | Growth Value | MSFT | 8 @ $363.14 = $2,905.12 | 🟢 STRONG BUY / ADD | order=9fbd4926-328c-4d88-88d3-bf651018df40
2026-03-30 10:32 ET | BUY | Growth Value | NVDA | 43 @ $166.76 = $7,170.68 | 🟢 STRONG BUY / ADD | order=8168dc19-dac9-4849-8d13-2196532da6bc
2026-03-30 10:32 ET | BUY | Growth Value | AVGO | 40 @ $295.11 = $11,804.40 | 🟢 STRONG BUY / ADD | order=cf0e3809-43e4-4be1-92ee-a4d4441a3530
2026-03-30 10:32 ET | BUY | Growth Value | META | 3 @ $533.51 = $1,600.53 | 🟢 STRONG BUY / ADD | order=d4bf8ebd-aaa2-48c7-b5ae-eec63e9aca9e
2026-03-30 10:32 ET | BUY | Growth Value | AAPL | 8 @ $247.69 = $1,981.52 | 🟢 STRONG BUY / ADD | order=5aeec601-a8b3-42b8-95bf-f0a5d232724f
2026-03-30 10:33 ET | BUY | Income Dividends | IBM | 2 @ $238.82 = $477.64 | 🟢 STRONG BUY / ADD | order=72d3e6bd-2b52-42d9-a41a-e09b0541a1de
2026-03-30 10:33 ET | BUY | Income Dividends | XOM | 10 @ $173.98 = $1,739.80 | 🟢 STRONG BUY / ADD | order=265da83b-655c-4035-aa17-b5685f80c52b
2026-03-30 10:33 ET | WARN | Income Dividends | BUY VZ | market order status=orderstatus.new, using expected values
2026-03-30 10:33 ET | BUY | Income Dividends | VZ | 17 @ $50.45 = $857.74 | 🟢 STRONG BUY / ADD | order=1e7f49bd-0b6a-4d8c-a0cb-516eeb533054
2026-03-30 10:33 ET | SKIP | Momentum Growth | BUY GEV | round-trip limit
2026-03-30 10:33 ET | SKIP | Momentum Growth | BUY NFLX | round-trip limit
2026-03-30 10:33 ET | BUY | Momentum Growth | GE | 12 @ $274.53 = $3,294.36 | 🟢 STRONG BUY / ADD | order=2411d752-4e43-4f41-8c8a-aa11ef4db852
2026-03-30 10:33 ET | BUY | Momentum Growth | AVGO | 3 @ $295.60 = $886.80 | 🟢 BUY / HOLD | order=58bef30a-f824-48c6-a0c8-3a6a8bff6d65
2026-03-30 10:33 ET | BUY | Momentum Growth | ANET | 41 @ $120.27 = $4,931.07 | 🟢 BUY / HOLD | order=f26be7c9-0b85-44a8-bda6-2861e5b9a82c
2026-03-30 10:33 ET | ERROR | Momentum Growth | BUY ANET | UNIQUE constraint failed: holdings.portfolio_id, holdings.ticker
2026-03-30 10:33 ET | BUY | Nuclear Renaissance | GEV | 12 @ $822.75 = $9,873.00 | 🟢 STRONG BUY / ADD | order=726e79cc-ccee-4a19-b17d-cf084c3b914b
2026-03-30 10:33 ET | ERROR | Nuclear Renaissance | BUY GEV | database is locked
2026-03-30 10:33 ET | BUY | Nuclear Renaissance | URA | 107 @ $46.64 = $4,990.48 | 🟢 BUY / HOLD | order=7128f67e-c9dd-4305-bcec-85a637a46358
2026-03-30 10:33 ET | ERROR | Nuclear Renaissance | BUY URA | database is locked
2026-03-30 10:33 ET | BUY | Nuclear Renaissance | CEG | 10 @ $300.63 = $3,006.33 | 🟢 BUY / HOLD | order=538489f0-9549-4e0b-a41a-f044843e6046
2026-03-30 10:33 ET | ERROR | Nuclear Renaissance | BUY CEG | database is locked
2026-03-30 10:33 ET | BUY | AI Defense & Autonomous | GD | 5 @ $346.09 = $1,730.45 | 🟢 STRONG BUY / ADD | order=a16b9daf-e1ee-4219-899a-ff101ff00d4a
2026-03-30 10:33 ET | ERROR | AI Defense & Autonomous | BUY GD | database is locked
2026-03-30 10:33 ET | BUY | AI Defense & Autonomous | TXT | 57 @ $87.37 = $4,980.09 | 🟢 BUY / HOLD | order=a1f8b8a6-b147-4404-94fe-24e9fe35898d
2026-03-30 10:34 ET | ERROR | AI Defense & Autonomous | BUY TXT | database is locked
2026-03-30 10:34 ET | === Autonomous Trader complete: 21 trades ===
2026-03-31 10:30 ET | === Autonomous Trader started ===
2026-03-31 10:32 ET | SELL | Momentum Growth | GE | 29 @ MKT | SWAP for GEV (score 1 vs 10) | order=8aa45cf6-6326-4aaf-958a-3a858abc3850
2026-03-31 10:33 ET | SKIP | Momentum Growth | BUY GEV | round-trip limit
2026-03-31 10:33 ET | SKIP | Momentum Growth | BUY NFLX | round-trip limit
2026-03-31 10:33 ET | SKIP | Momentum Growth | BUY LLY | round-trip limit
2026-03-31 10:33 ET | BUY | Nuclear Renaissance | URA | 58 @ $46.90 = $2,720.20 | 🟢 BUY / HOLD | order=fddaa28a-e508-40fb-a938-b50bf3daacf3
2026-03-31 10:33 ET | BUY | Nuclear Renaissance | CEG | 1 @ $277.99 = $277.99 | 🟢 BUY / HOLD | order=74493460-40fe-415e-a3d0-422750829bfa
2026-03-31 10:33 ET | === Autonomous Trader complete: 3 trades ===
2026-04-06 10:49 ET | === Autonomous Trader started ===
2026-04-06 10:52 ET | SELL | Innovation Fund | PLTR | 28 @ MKT | SWAP for TWLO (score 0 vs 4) | order=1c26155f-5f9b-453b-b840-9ca08c8d08b3
2026-04-06 10:52 ET | SELL | Nuclear Renaissance | DNN | 1846 @ MKT | SWAP for GEV (score -2 vs 7) | order=71aa8c27-4d33-44fe-b240-31411e86b934
2026-04-06 10:52 ET | SGOV-SELL | Innovation Fund | 685 SGOV @ $100.43 = $68,794.55 | freeing cash for buy | order=6c8e20e5-5c84-4328-bcea-e58431c140db
2026-04-06 10:52 ET | SGOV-SELL | Momentum Growth | 741 SGOV @ $100.44 = $74,425.97 | freeing cash for buy | order=8afd2bf0-62f3-4c38-8d8d-d108ea8273ca
2026-04-06 10:52 ET | SGOV-SELL | Nuclear Renaissance | 306 SGOV @ $100.43 = $30,731.58 | freeing cash for buy | order=7bad1155-1afe-4941-9501-e7826d693326
2026-04-06 10:52 ET | SGOV-SELL | AI Defense & Autonomous | 488 SGOV @ $100.43 = $49,009.84 | freeing cash for buy | order=35ec3f23-91bc-4a7c-9ce1-334e93a5cca4
2026-04-06 10:52 ET | FUND-SELL | Value Picks | BAC | 161 @ MKT | FUND-SELL (score 1) to buy HD (score 4) | order=c86daf09-c6e5-48ba-8145-76560aeaf600
2026-04-06 10:52 ET | FUND-SELL | Income Dividends | O | 199 @ MKT | FUND-SELL (score 3) to buy PM (score 6) | order=c07e7237-1c67-41a8-9e68-be0a071dec90
2026-04-06 10:52 ET | FUND-SELL | Income Dividends | KMI | 378 @ MKT | FUND-SELL (score 4) to buy PM (score 6) | order=ab5547b8-86a3-4051-a934-e2ffc4397773
2026-04-06 10:52 ET | FUND-SELL | Income Dividends | SCHD | 420 @ MKT | FUND-SELL (score 4) to buy PM (score 6) | order=fcd9f6c0-3288-4bbf-8ae4-df06710065e6
2026-04-06 10:52 ET | FUND-SELL | Income Dividends | EPD | 277 @ MKT | FUND-SELL (score 5) to buy PM (score 6) | order=b74bfb60-f3f5-48fb-a2d6-b8c354338724
2026-04-06 10:53 ET | SKIP | Value Picks | BUY HD | round-trip limit
2026-04-06 10:53 ET | SKIP | Value Picks | BUY MRK | round-trip limit
2026-04-06 10:53 ET | SKIP | Value Picks | BUY LOW | round-trip limit
2026-04-06 10:53 ET | BUY | Value Picks | MMM | 9 @ $144.94 = $1,304.46 | 🟢 BUY / HOLD | order=4fc9b120-7542-4829-ae0c-67a9c7c52710
2026-04-06 10:53 ET | UNRECORDED | Value Picks | BUY 9 MMM @ $144.94 = $1,304.46 | DB WRITE FAILED: UNIQUE constraint failed: holdings.portfolio_id, holdings.ticker
2026-04-06 10:53 ET | ERROR | Value Picks | BUY MMM | cannot access local variable 'total_buying_power' where it is not associated with a value
2026-04-06 10:53 ET | BUY | Value Picks | BAC | 92 @ $49.86 = $4,587.12 | 🟢 BUY / HOLD | order=f787e278-06c0-488c-b4d5-224fa586920b
2026-04-06 10:55 ET | UNRECORDED | Value Picks | BUY 92 BAC @ $49.86 = $4,587.12 | DB WRITE FAILED: database is locked
2026-04-06 10:55 ET | ERROR | Value Picks | BUY BAC | cannot access local variable 'total_buying_power' where it is not associated with a value
2026-04-06 10:55 ET | SKIP | Income Dividends | BUY IBM | round-trip limit
2026-04-06 10:55 ET | SKIP | Income Dividends | BUY PM | round-trip limit
2026-04-06 10:55 ET | SKIP | Income Dividends | BUY XOM | round-trip limit
2026-04-06 10:55 ET | SKIP | Income Dividends | BUY EPD | round-trip limit
2026-04-06 10:55 ET | BUY | Income Dividends | T | 35 @ $28.47 = $996.45 | 🟢 STRONG BUY / ADD | order=bfad4956-2aa6-45ae-ab54-5c97fe4e7d4b
2026-04-06 10:58 ET | UNRECORDED | Income Dividends | BUY 35 T @ $28.47 = $996.45 | DB WRITE FAILED: database is locked
2026-04-06 10:58 ET | ERROR | Income Dividends | BUY T | cannot access local variable 'total_buying_power' where it is not associated with a value
2026-04-06 10:58 ET | SKIP | Income Dividends | BUY SCHD | round-trip limit
2026-04-06 10:58 ET | BUY | Income Dividends | MAIN | 146 @ $53.80 = $7,854.80 | 🟢 STRONG BUY / ADD | order=4f2c5c5c-5747-470d-8933-0d675ccdda74
2026-04-06 11:01 ET | UNRECORDED | Income Dividends | BUY 146 MAIN @ $53.80 = $7,854.80 | DB WRITE FAILED: database is locked
2026-04-06 11:01 ET | ERROR | Income Dividends | BUY MAIN | cannot access local variable 'total_buying_power' where it is not associated with a value
2026-04-06 11:01 ET | SKIP | Income Dividends | BUY KMI | round-trip limit
2026-04-06 11:01 ET | BUY | Income Dividends | PG | 39 @ $143.62 = $5,601.18 | 🟢 STRONG BUY / ADD | order=e3e1ae39-d3f8-4747-8e0a-3b14b7c94e03
2026-04-06 11:04 ET | UNRECORDED | Income Dividends | BUY 39 PG @ $143.62 = $5,601.18 | DB WRITE FAILED: database is locked
2026-04-06 11:04 ET | ERROR | Income Dividends | BUY PG | cannot access local variable 'total_buying_power' where it is not associated with a value
2026-04-06 11:04 ET | SKIP | Income Dividends | BUY VZ | round-trip limit
2026-04-06 11:04 ET | BUY | Momentum Growth | GEV | 9 @ $898.12 = $8,083.08 | 🟢 STRONG BUY / ADD | order=dced3741-57d3-4504-8fe2-a243f5a5120e
2026-04-06 11:07 ET | UNRECORDED | Momentum Growth | BUY 9 GEV @ $898.12 = $8,083.08 | DB WRITE FAILED: database is locked
2026-04-06 11:07 ET | ERROR | Momentum Growth | BUY GEV | cannot access local variable 'total_buying_power' where it is not associated with a value
2026-04-06 11:07 ET | BUY | Momentum Growth | NFLX | 77 @ $98.74 = $7,602.98 | 🟢 STRONG BUY / ADD | order=82b768ba-d480-45c4-b189-ac1f7c3ccadb
2026-04-07 09:57 ET | === Autonomous Trader started ===
2026-04-07 09:59 ET | === Autonomous Trader complete: 0 trades ===
2026-04-07 10:13 ET | === Autonomous Trader started ===
2026-04-07 10:16 ET | SELL | Innovation Fund | ARM | 35 @ MKT | SWAP for TWLO (score 3 vs 6) | order=5cca8193-d394-4d87-9908-97ce9c020f9c
2026-04-07 10:17 ET | UPGRADE-SELL | Value Picks | MMM | 34 @ MKT | UPGRADE-SELL (score 2) to add JNJ (score 12) | order=4c45119d-21c8-46a0-82e7-f74dfa493f44
2026-04-07 10:17 ET | UPGRADE-SELL | Value Picks | UNH | 41 @ MKT | UPGRADE-SELL (score 2) to add JNJ (score 12) | order=9f47bee7-c9fd-45d6-8805-bc4524c17232
2026-04-07 10:19 ET | UPGRADE-SELL | Growth Value | UNH | 52 @ MKT | UPGRADE-SELL (score -1) to add GOOGL (score 10) | order=a7f6626a-4bb7-4996-bd96-8b555d21bfd7
2026-04-07 10:19 ET | UPGRADE-SELL | Income Dividends | MAIN | 148 @ MKT | UPGRADE-SELL (score 3) to add JNJ (score 13) | order=3800d71b-3b4a-42f9-87c0-51b5d485acbf
2026-04-09 15:48 ET | === Autonomous Trader started ===
2026-04-09 15:51 ET | SELL | Innovation Fund | NET | 25 @ MKT | SWAP for NVDA (score 0 vs 7) | order=db1a1712-34f5-4014-bb7b-506d13bb9f9a
2026-04-09 15:51 ET | SELL | Momentum Growth | NFLX | 81 @ MKT | SWAP for ANET (score 2 vs 8) | order=d76376bb-b70e-4f1b-8260-865473854f0a
2026-04-09 15:51 ET | STOP-SELL | AI Defense & Autonomous | PLTR | 47 @ $130.19 = $6,118.90 | Trailing stop triggered: $130.19 <= $139.89 (HWM $158.97, -18.1%) | order=5aaeb75c-c32e-4f77-bc20-35324db31d82
2026-04-09 15:55 ET | UPGRADE-SELL | Income Dividends | PG | 55 @ MKT | UPGRADE-SELL (score 4) to add T (score 8) | order=e6d71801-a5a9-483c-8bb2-d0d9e7569640
2026-04-09 15:59 ET | BUY | Value Picks | MRK | 96 @ $122.77 = $11,785.92 | 🟢 STRONG BUY / ADD | order=93b7a6bc-8e09-4248-b476-ae2dff9ce252
2026-04-09 15:59 ET | BUY | Value Picks | KO | 31 @ $78.22 = $2,424.82 | 🟢 STRONG BUY / ADD | order=fb161cbd-99d5-4d07-84f6-b30832996b0f
2026-04-09 15:59 ET | UNRECORDED | Value Picks | BUY 31 KO @ $78.22 = $2,424.82 | DB WRITE FAILED: UNIQUE constraint failed: holdings.portfolio_id, holdings.ticker
2026-04-09 15:59 ET | SKIP | Value Picks | BUY BAC | round-trip limit
2026-04-09 15:59 ET | BUY | Innovation Fund | NVDA | 22 @ $183.92 = $4,046.24 | 🟢 STRONG BUY / ADD | order=1d9102f2-ea1d-4f35-9176-f78e9a34b4bf
2026-04-09 15:59 ET | BUY | Innovation Fund | ROKU | 80 @ $100.05 = $8,004.00 | 🟢 STRONG BUY / ADD | order=70ca224f-b601-45a1-a53e-9decf493d375
2026-04-09 15:59 ET | UNRECORDED | Innovation Fund | BUY 80 ROKU @ $100.05 = $8,004.00 | DB WRITE FAILED: UNIQUE constraint failed: holdings.portfolio_id, holdings.ticker
2026-04-09 15:59 ET | BUY | Innovation Fund | PLTR | 54 @ $130.57 = $7,050.78 | 🟢 STRONG BUY / ADD | order=85b41f84-bd1a-4064-80f3-193561b74d40
2026-04-09 16:07 ET | UNRECORDED | Innovation Fund | BUY 54 PLTR @ $130.57 = $7,050.78 | DB WRITE FAILED: database is locked
2026-04-09 16:07 ET | WARN | Innovation Fund | BUY ARM | market order status=orderstatus.accepted, using expected values
2026-04-09 16:07 ET | BUY | Innovation Fund | ARM | 53 @ $149.79 = $7,939.13 | 🟢 STRONG BUY / ADD | order=41bd263a-26a5-48ee-8079-30875ebd919e
2026-04-09 16:14 ET | UNRECORDED | Innovation Fund | BUY 53 ARM @ $149.79 = $7,939.13 | DB WRITE FAILED: database is locked
2026-04-09 16:14 ET | WARN | Innovation Fund | BUY DDOG | market order status=orderstatus.accepted, using expected values
2026-04-09 16:14 ET | BUY | Innovation Fund | DDOG | 45 @ $108.98 = $4,904.10 | 🟢 BUY / HOLD | order=e871ee8e-94d0-4c1b-ba4d-1f72071d180e
2026-04-09 16:21 ET | UNRECORDED | Innovation Fund | BUY 45 DDOG @ $108.98 = $4,904.10 | DB WRITE FAILED: database is locked
2026-04-09 16:21 ET | WARN | Innovation Fund | BUY SNOW | market order status=orderstatus.accepted, using expected values
2026-04-09 16:21 ET | BUY | Innovation Fund | SNOW | 37 @ $132.24 = $4,892.88 | 🟢 BUY / HOLD | order=1fc33f41-fb8e-4dd1-b264-e81801160758
2026-04-09 16:26 ET | === Autonomous Trader started ===
2026-04-09 16:29 ET | UNRECORDED | Innovation Fund | BUY 37 SNOW @ $132.24 = $4,892.88 | DB WRITE FAILED: database is locked
2026-04-09 16:29 ET | WARN | Innovation Fund | BUY AFRM | market order status=orderstatus.accepted, using expected values
2026-04-09 16:29 ET | BUY | Innovation Fund | AFRM | 102 @ $49.01 = $4,999.02 | 🟢 BUY / HOLD | order=2e0e8730-ad5e-43d0-a884-0fb2b1291f45
2026-04-09 16:29 ET | === Autonomous Trader complete: 0 trades ===
2026-04-09 16:36 ET | UNRECORDED | Innovation Fund | BUY 102 AFRM @ $49.01 = $4,999.02 | DB WRITE FAILED: database is locked
2026-04-09 16:36 ET | WARN | Innovation Fund | BUY PATH | market order status=orderstatus.accepted, using expected values
2026-04-09 16:36 ET | BUY | Innovation Fund | PATH | 503 @ $9.94 = $4,999.82 | 🟢 BUY / HOLD | order=226216c2-2d67-4f74-a58b-285ed6175b94
2026-04-09 16:43 ET | UNRECORDED | Innovation Fund | BUY 503 PATH @ $9.94 = $4,999.82 | DB WRITE FAILED: database is locked
2026-04-09 16:43 ET | WARN | Innovation Fund | BUY U | market order status=orderstatus.accepted, using expected values
2026-04-09 16:43 ET | BUY | Innovation Fund | U | 231 @ $21.57 = $4,982.67 | 🟢 BUY / HOLD | order=bc217f2d-39d6-4254-b398-71e782ebb44d
2026-04-09 16:50 ET | UNRECORDED | Innovation Fund | BUY 231 U @ $21.57 = $4,982.67 | DB WRITE FAILED: database is locked
2026-04-09 16:51 ET | SKIP | Growth Value | BUY GOOGL | round-trip limit
2026-04-09 16:51 ET | WARN | Growth Value | BUY CRM | market order status=orderstatus.accepted, using expected values
2026-04-09 16:51 ET | BUY | Growth Value | CRM | 5 @ $170.85 = $854.25 | 🟢 STRONG BUY / ADD | order=401c83b3-dbbf-4f66-8d0b-f75d46dda9e9
2026-04-09 16:51 ET | SKIP | Income Dividends | BUY JNJ | round-trip limit
2026-04-09 16:52 ET | WARN | Income Dividends | BUY T | market order status=orderstatus.accepted, using expected values
2026-04-09 16:52 ET | BUY | Income Dividends | T | 166 @ $26.84 = $4,455.44 | 🟢 STRONG BUY / ADD | order=5aec1637-d36e-46d5-86a0-bce4a666d2da
2026-04-09 16:52 ET | WARN | Income Dividends | BUY VZ | market order status=orderstatus.accepted, using expected values
2026-04-09 16:52 ET | BUY | Income Dividends | VZ | 251 @ $47.78 = $11,992.78 | 🟢 STRONG BUY / ADD | order=e921cd91-d3ca-49ac-bbfa-dec6cf53498e
2026-04-09 16:52 ET | UNRECORDED | Income Dividends | BUY 251 VZ @ $47.78 = $11,992.78 | DB WRITE FAILED: UNIQUE constraint failed: holdings.portfolio_id, holdings.ticker
2026-04-09 16:52 ET | WARN | Income Dividends | BUY XOM | market order status=orderstatus.accepted, using expected values
2026-04-09 16:52 ET | BUY | Income Dividends | XOM | 67 @ $155.04 = $10,387.68 | 🟢 STRONG BUY / ADD | order=402e8fb3-9b24-46c3-b67d-3cf78d703a37
2026-04-09 16:59 ET | UNRECORDED | Income Dividends | BUY 67 XOM @ $155.04 = $10,387.68 | DB WRITE FAILED: database is locked
2026-04-09 16:59 ET | SKIP | Income Dividends | BUY PG | round-trip limit
2026-04-09 16:59 ET | SKIP | Income Dividends | BUY MAIN | round-trip limit
2026-04-09 16:59 ET | WARN | Momentum Growth | BUY ANET | market order status=orderstatus.accepted, using expected values
2026-04-09 16:59 ET | BUY | Momentum Growth | ANET | 41 @ $146.05 = $5,988.05 | 🟢 STRONG BUY / ADD | order=9c71f28c-81b4-4463-a769-33aa0c54e54b
2026-04-09 16:59 ET | WARN | Momentum Growth | BUY AVGO | market order status=orderstatus.accepted, using expected values
2026-04-09 16:59 ET | BUY | Momentum Growth | AVGO | 29 @ $354.91 = $10,292.39 | 🟢 STRONG BUY / ADD | order=8ebedb74-03e0-4f18-b53e-4f69f1bb1584
2026-04-09 16:59 ET | WARN | Momentum Growth | BUY GE | market order status=orderstatus.accepted, using expected values
2026-04-09 16:59 ET | BUY | Momentum Growth | GE | 25 @ $313.02 = $7,825.50 | 🟢 STRONG BUY / ADD | order=9fce6fba-5a7c-4e89-87e7-630ea97d7d16
2026-04-09 16:59 ET | UNRECORDED | Momentum Growth | BUY 25 GE @ $313.02 = $7,825.50 | DB WRITE FAILED: UNIQUE constraint failed: holdings.portfolio_id, holdings.ticker
2026-04-09 16:59 ET | WARN | Momentum Growth | BUY PANW | market order status=orderstatus.accepted, using expected values
2026-04-09 16:59 ET | BUY | Momentum Growth | PANW | 47 @ $166.99 = $7,848.53 | 🟢 STRONG BUY / ADD | order=69bd95b0-bc5c-49ea-87a0-125d01c7e13e
2026-04-09 17:06 ET | UNRECORDED | Momentum Growth | BUY 47 PANW @ $166.99 = $7,848.53 | DB WRITE FAILED: database is locked
2026-04-09 17:06 ET | WARN | Momentum Growth | BUY LLY | market order status=orderstatus.accepted, using expected values
2026-04-09 17:06 ET | BUY | Momentum Growth | LLY | 8 @ $955.19 = $7,641.52 | 🟢 STRONG BUY / ADD | order=8db93d56-fa38-465f-97c9-e49965b95c7e
2026-04-09 17:14 ET | UNRECORDED | Momentum Growth | BUY 8 LLY @ $955.19 = $7,641.52 | DB WRITE FAILED: database is locked
2026-04-09 17:14 ET | WARN | Nuclear Renaissance | BUY BWXT | market order status=orderstatus.accepted, using expected values
2026-04-09 17:14 ET | BUY | Nuclear Renaissance | BWXT | 13 @ $230.29 = $2,993.77 | 🟢 STRONG BUY / ADD | order=8888204f-b2b7-47ba-8f1a-a54fb988c523
2026-04-09 17:21 ET | UNRECORDED | Nuclear Renaissance | BUY 13 BWXT @ $230.29 = $2,993.77 | DB WRITE FAILED: database is locked
2026-04-09 17:21 ET | WARN | Nuclear Renaissance | BUY CCJ | market order status=orderstatus.accepted, using expected values
2026-04-09 17:21 ET | BUY | Nuclear Renaissance | CCJ | 56 @ $115.54 = $6,470.24 | 🟢 STRONG BUY / ADD | order=1f4711f3-479d-44d4-b4dc-d86d5830e771
2026-04-09 17:28 ET | UNRECORDED | Nuclear Renaissance | BUY 56 CCJ @ $115.54 = $6,470.24 | DB WRITE FAILED: database is locked
2026-04-09 17:28 ET | WARN | AI Defense & Autonomous | BUY PLTR | market order status=orderstatus.accepted, using expected values
2026-04-09 17:28 ET | BUY | AI Defense & Autonomous | PLTR | 91 @ $130.49 = $11,874.59 | 🟢 STRONG BUY / ADD | order=5e4d4544-02f4-40bf-820d-d555f37003d2
2026-04-09 17:36 ET | UNRECORDED | AI Defense & Autonomous | BUY 91 PLTR @ $130.49 = $11,874.59 | DB WRITE FAILED: database is locked
2026-04-09 17:36 ET | WARN | AI Defense & Autonomous | BUY TXT | market order status=orderstatus.accepted, using expected values
2026-04-09 17:36 ET | BUY | AI Defense & Autonomous | TXT | 30 @ $91.41 = $2,742.30 | 🟢 STRONG BUY / ADD | order=3e071db6-bb10-4305-a3db-df8ccbd85694
2026-04-09 17:43 ET | UNRECORDED | AI Defense & Autonomous | BUY 30 TXT @ $91.41 = $2,742.30 | DB WRITE FAILED: database is locked
2026-04-09 17:43 ET | WARN | AI Defense & Autonomous | BUY LDOS | market order status=orderstatus.accepted, using expected values
2026-04-09 17:43 ET | BUY | AI Defense & Autonomous | LDOS | 32 @ $155.63 = $4,980.16 | 🟢 BUY / HOLD | order=27e33f83-6518-46f5-8e6a-da6362599bc9
2026-04-09 17:50 ET | UNRECORDED | AI Defense & Autonomous | BUY 32 LDOS @ $155.63 = $4,980.16 | DB WRITE FAILED: database is locked
2026-04-09 17:50 ET | SGOV-BUY | Value Picks | 24 SGOV @ $100.46 = $2,411.04 | cash sweep | order=21701e8b-48d3-461f-9d32-7959a6ab521a
2026-04-09 17:57 ET | UNRECORDED | Value Picks | BUY 24 SGOV @ $100.46 = $2,411.04 | DB WRITE FAILED: database is locked
2026-04-09 17:57 ET | SGOV-BUY | Innovation Fund | 735 SGOV @ $100.46 = $73,838.10 | cash sweep | order=a1ec2d28-50a7-40b4-b3e4-6b6e91831495
2026-04-09 18:05 ET | UNRECORDED | Innovation Fund | BUY 735 SGOV @ $100.46 = $73,838.10 | DB WRITE FAILED: database is locked
2026-04-09 18:05 ET | SGOV-BUY | Income Dividends | 223 SGOV @ $100.46 = $22,402.58 | cash sweep | order=c4cc2ae1-044c-498c-aa24-6291da25dbce
2026-04-09 18:12 ET | UNRECORDED | Income Dividends | BUY 223 SGOV @ $100.46 = $22,402.58 | DB WRITE FAILED: database is locked
2026-04-09 18:12 ET | SGOV-BUY | Momentum Growth | 388 SGOV @ $100.46 = $38,978.48 | cash sweep | order=9d289466-9a11-4e8b-aa65-06c65ee6e802
2026-04-09 18:12 ET | SGOV-BUY | Nuclear Renaissance | 684 SGOV @ $100.46 = $68,714.64 | cash sweep | order=da8c602b-0d9f-4837-b2f0-8dd01da7934f
2026-04-09 18:12 ET | UNRECORDED | Nuclear Renaissance | BUY 684 SGOV @ $100.46 = $68,714.64 | DB WRITE FAILED: UNIQUE constraint failed: holdings.portfolio_id, holdings.ticker
2026-04-09 18:12 ET | SGOV-BUY | AI Defense & Autonomous | 548 SGOV @ $100.46 = $55,052.08 | cash sweep | order=aaef2e23-e526-4a87-a304-397f80ca5f39
2026-04-09 18:19 ET | UNRECORDED | AI Defense & Autonomous | BUY 548 SGOV @ $100.46 = $55,052.08 | DB WRITE FAILED: database is locked
2026-04-09 18:19 ET | === Autonomous Trader complete: 29 trades ===
2026-04-10 12:33 ET | === Autonomous Trader started ===
2026-04-10 12:45 ET | === Autonomous Trader started ===
2026-04-10 12:46 ET | WARN | Value Picks | BUY JNJ | market order status=orderstatus.new, using expected values
2026-04-10 12:46 ET | BUY | Value Picks | JNJ | 50 @ $239.69 = $11,984.75 | 🟢 STRONG BUY / ADD | order=6462c01d-343b-4aa2-8c60-b57744c1510a
2026-04-10 12:46 ET | WARN | Value Picks | BUY MRK | market order status=orderstatus.new, using expected values
2026-04-10 12:46 ET | BUY | Value Picks | MRK | 98 @ $121.84 = $11,940.31 | 🟢 STRONG BUY / ADD | order=9a199fb3-fc7e-475e-a6b6-6d672766fc92
2026-04-10 12:46 ET | BUY | Value Picks | ABBV | 32 @ $209.98 = $6,719.36 | 🟢 STRONG BUY / ADD | order=e0402827-4ef2-4ec1-b7aa-da283f68afe4
2026-04-10 12:46 ET | BUY | Value Picks | BAC | 228 @ $52.45 = $11,958.60 | 🟢 STRONG BUY / ADD | order=db802b38-1d16-4f1f-91d8-71e94eb8ea3a
2026-04-10 12:46 ET | BUY | Value Picks | KO | 154 @ $77.76 = $11,975.04 | 🟢 STRONG BUY / ADD | order=5929cfed-0ab5-4835-8679-5864a9982165
2026-04-10 12:46 ET | BUY | Value Picks | PG | 28 @ $145.65 = $4,078.20 | 🟢 STRONG BUY / ADD | order=1d959cae-2813-4b4f-86a5-55d3cbd31b82
2026-04-10 12:46 ET | BUY | Value Picks | WFC | 86 @ $85.33 = $7,338.38 | 🟢 STRONG BUY / ADD | order=69a09df4-99d5-4c2d-b748-2ec7a8806c65
2026-04-10 12:46 ET | WARN | Value Picks | BUY JPM | market order status=orderstatus.new, using expected values
2026-04-10 12:46 ET | BUY | Value Picks | JPM | 16 @ $308.49 = $4,935.84 | 🟢 BUY / HOLD | order=d5f3de98-7a25-4eaf-af07-be123bc4b823
2026-04-10 12:46 ET | BUY | Value Picks | LOW | 10 @ $245.02 = $2,450.20 | 🟢 BUY / HOLD | order=f2f9bc19-0dc7-41fe-ad8e-008676e8b872
2026-04-10 12:46 ET | BUY | Innovation Fund | NVDA | 50 @ $188.27 = $9,413.50 | 🟢 STRONG BUY / ADD | order=f3ebfbf8-4acb-4039-812f-73c3cc30d9bc
2026-04-10 12:46 ET | BUY | Innovation Fund | ROKU | 115 @ $100.62 = $11,571.73 | 🟢 STRONG BUY / ADD | order=c72cd5bd-d6eb-45b7-89b8-03cf36cfe02e
2026-04-10 12:46 ET | BUY | Innovation Fund | PLTR | 62 @ $127.14 = $7,882.68 | 🟢 STRONG BUY / ADD | order=8dbb34ec-4bbe-4fd3-848c-452e1f9746e2
2026-04-10 12:46 ET | WARN | Innovation Fund | BUY ARM | market order status=orderstatus.new, using expected values
2026-04-10 12:46 ET | BUY | Innovation Fund | ARM | 53 @ $149.22 = $7,908.45 | 🟢 STRONG BUY / ADD | order=954ed93c-3ec4-4910-b4eb-0af7de58848a
2026-04-10 12:46 ET | WARN | Innovation Fund | BUY U | market order status=orderstatus.new, using expected values
2026-04-10 12:46 ET | BUY | Innovation Fund | U | 237 @ $21.09 = $4,999.51 | 🟢 BUY / HOLD | order=39d63674-ae4d-4a11-9e85-4d2a53243ee7
2026-04-10 12:46 ET | WARN | Innovation Fund | BUY AFRM | market order status=orderstatus.new, using expected values
2026-04-10 12:46 ET | BUY | Innovation Fund | AFRM | 102 @ $48.60 = $4,957.20 | 🟢 BUY / HOLD | order=521e4751-fb03-4983-a9a5-19165991b9ca
2026-04-10 12:47 ET | BUY | Innovation Fund | DDOG | 48 @ $103.82 = $4,983.36 | 🟢 BUY / HOLD | order=a237774a-9b42-42ed-99e2-2bd84557b484
2026-04-10 12:47 ET | BUY | Innovation Fund | SNOW | 38 @ $120.75 = $4,588.50 | 🟢 BUY / HOLD | order=80bf5fd6-d80b-49cf-bd17-848cdd3d6027
2026-04-10 12:47 ET | BUY | Innovation Fund | NET | 6 @ $169.07 = $1,014.42 | 🟢 BUY / HOLD | order=9f7d5cc4-1927-4b92-90c4-ca65657fd780
2026-04-10 12:47 ET | WARN | Innovation Fund | BUY TWLO | market order status=orderstatus.new, using expected values
2026-04-10 12:47 ET | BUY | Innovation Fund | TWLO | 42 @ $118.42 = $4,973.64 | 🟢 BUY / HOLD | order=f5c252fc-2076-4e3e-9f6e-ff71ce069bb4
2026-04-10 12:47 ET | BUY | Innovation Fund | SHOP | 45 @ $110.44 = $4,969.80 | 🟢 BUY / HOLD | order=9f71fabe-7370-48f4-9186-5eb50a160106
2026-04-10 12:47 ET | WARN | Innovation Fund | BUY CELH | market order status=orderstatus.new, using expected values
2026-04-10 12:47 ET | BUY | Innovation Fund | CELH | 142 @ $35.07 = $4,980.22 | 🟢 BUY / HOLD | order=ecfcfd1e-5d67-4d4f-b1a1-4b65f2c9ac6d
2026-04-10 12:47 ET | BUY | Innovation Fund | PATH | 403 @ $9.53 = $3,840.59 | 🟢 BUY / HOLD | order=85f84326-2197-47da-8c1d-4c4a0fd02fec
2026-04-10 12:47 ET | BUY | Growth Value | GOOGL | 37 @ $317.09 = $11,732.33 | 🟢 STRONG BUY / ADD | order=ab9cfa06-32c2-4524-8816-6119a755b33f
2026-04-10 12:47 ET | BUY | Growth Value | MSFT | 30 @ $371.26 = $11,137.80 | 🟢 STRONG BUY / ADD | order=d9136898-96f2-483b-a11c-b54783312ff7
2026-04-10 12:47 ET | WARN | Growth Value | BUY CRM | market order status=orderstatus.new, using expected values
2026-04-10 12:47 ET | BUY | Growth Value | CRM | 72 @ $165.04 = $11,882.88 | 🟢 STRONG BUY / ADD | order=3b48ee23-fd9b-4727-addd-23fef7986619
2026-04-10 12:47 ET | BUY | Growth Value | AVGO | 23 @ $372.60 = $8,569.80 | 🟢 STRONG BUY / ADD | order=f5f64c01-8230-4098-902e-ae8c1314554a
2026-04-10 12:47 ET | BUY | Growth Value | AMZN | 33 @ $237.55 = $7,839.15 | 🟢 STRONG BUY / ADD | order=d19d84db-7cf4-46d6-9c2f-41b78434f532
2026-04-10 12:47 ET | BUY | Growth Value | MA | 8 @ $497.20 = $3,977.60 | 🟢 BUY / HOLD | order=f5de13ba-6b12-44de-898b-e5fce2b8cffa
2026-04-10 12:47 ET | BUY | Growth Value | META | 7 @ $626.63 = $4,386.41 | 🟢 BUY / HOLD | order=aaef775f-78f7-4482-be0b-d19a647166a1
2026-04-10 12:47 ET | BUY | Income Dividends | JNJ | 39 @ $239.78 = $9,351.42 | 🟢 STRONG BUY / ADD | order=3d832619-00df-4e2c-b69e-6449f45ff9a7
2026-04-10 12:47 ET | BUY | Income Dividends | IBM | 17 @ $232.16 = $3,946.72 | 🟢 STRONG BUY / ADD | order=cd9807b7-44f4-444c-a892-3aa9f970de45
2026-04-10 12:47 ET | BUY | Income Dividends | VZ | 259 @ $46.20 = $11,965.80 | 🟢 STRONG BUY / ADD | order=917a177e-5a64-401b-9e14-f1b24fb831f6
2026-04-10 12:47 ET | WARN | Income Dividends | BUY EPD | market order status=orderstatus.new, using expected values
2026-04-10 12:47 ET | BUY | Income Dividends | EPD | 318 @ $37.69 = $11,985.42 | 🟢 STRONG BUY / ADD | order=312c4653-533f-47c8-8f4e-b05171fb88be
2026-04-10 12:47 ET | WARN | Income Dividends | BUY O | market order status=orderstatus.new, using expected values
2026-04-10 12:47 ET | BUY | Income Dividends | O | 188 @ $63.52 = $11,940.82 | 🟢 STRONG BUY / ADD | order=bdcb92f8-8e5e-4dd5-9b08-07382cd21855
2026-04-10 12:47 ET | BUY | Income Dividends | PM | 4 @ $158.75 = $635.00 | 🟢 STRONG BUY / ADD | order=d9f43b1b-0dfd-4bbd-a891-060553e139ad
2026-04-10 12:47 ET | BUY | Income Dividends | T | 105 @ $26.36 = $2,767.80 | 🟢 STRONG BUY / ADD | order=d04e3019-9251-4645-be52-950cdb6710dd
2026-04-10 12:47 ET | BUY | Income Dividends | XOM | 47 @ $152.73 = $7,178.31 | 🟢 STRONG BUY / ADD | order=939f4fda-5853-4ae1-a721-64fc90925d39
2026-04-10 12:47 ET | BUY | Income Dividends | KMI | 136 @ $32.80 = $4,460.80 | 🟢 STRONG BUY / ADD | order=fe149067-c628-4f02-819c-00a44d0776ef
2026-04-10 12:47 ET | BUY | Income Dividends | PG | 82 @ $145.65 = $11,943.30 | 🟢 STRONG BUY / ADD | order=18dd7383-2383-4119-9d2f-2c54d4cd6c78
2026-04-10 12:47 ET | BUY | Income Dividends | MO | 119 @ $67.05 = $7,978.95 | 🟢 STRONG BUY / ADD | order=ec2899e5-35df-40d8-9cdb-88751111ce7c
2026-04-10 12:47 ET | BUY | Income Dividends | SCHD | 261 @ $30.63 = $7,994.43 | 🟢 STRONG BUY / ADD | order=c4f9cbd7-664d-4631-99f9-ab2ba4ac561c
2026-04-10 12:47 ET | WARN | Income Dividends | BUY MAIN | market order status=orderstatus.new, using expected values
2026-04-10 12:47 ET | BUY | Income Dividends | MAIN | 110 @ $52.98 = $5,828.16 | 🟢 STRONG BUY / ADD | order=2fc289bf-811f-4ea4-b9ae-472b9038e39b
2026-04-10 12:47 ET | BUY | Momentum Growth | ANET | 53 @ $146.80 = $7,780.40 | 🟢 STRONG BUY / ADD | order=1ec28309-a58c-4a29-b202-b7b695adc7fa
2026-04-10 12:47 ET | BUY | Momentum Growth | GEV | 12 @ $989.74 = $11,876.88 | 🟢 STRONG BUY / ADD | order=18a38e44-a7b9-4553-8b01-dbb52922b3a2
2026-04-10 12:47 ET | WARN | Momentum Growth | BUY AVGO | market order status=orderstatus.new, using expected values
2026-04-10 12:47 ET | BUY | Momentum Growth | AVGO | 32 @ $372.32 = $11,914.37 | 🟢 STRONG BUY / ADD | order=bc34a040-a21c-4aa7-ae94-e9cdce190fbb
2026-04-10 12:47 ET | BUY | Momentum Growth | LLY | 2 @ $941.50 = $1,883.00 | 🟢 STRONG BUY / ADD | order=5f82d824-47ad-455f-9274-857f70de1d3b
2026-04-10 12:47 ET | BUY | Momentum Growth | TRGP | 19 @ $242.77 = $4,612.63 | 🟢 STRONG BUY / ADD | order=b885a718-07fa-472e-ba24-4a74c94cfe9c
2026-04-10 12:47 ET | BUY | Momentum Growth | GE | 16 @ $307.65 = $4,922.40 | 🟢 BUY / HOLD | order=a9e58b28-9ac9-4799-80ce-c1ae003a57eb
2026-04-10 12:47 ET | WARN | Momentum Growth | BUY PANW | market order status=orderstatus.new, using expected values
2026-04-10 12:47 ET | BUY | Momentum Growth | PANW | 32 @ $155.04 = $4,961.28 | 🟢 BUY / HOLD | order=7bf1297d-93d7-4f10-942b-0e31e1909e94
2026-04-10 12:47 ET | BUY | Nuclear Renaissance | GEV | 12 @ $989.81 = $11,877.72 | 🟢 STRONG BUY / ADD | order=30d25410-6d46-4773-8738-e0492636b555
2026-04-10 12:47 ET | BUY | Nuclear Renaissance | BWXT | 22 @ $231.20 = $5,086.40 | 🟢 STRONG BUY / ADD | order=b1283c00-7a2b-4f65-825d-ccaa9929ee34
2026-04-10 12:47 ET | BUY | Nuclear Renaissance | CCJ | 103 @ $115.99 = $11,946.97 | 🟢 STRONG BUY / ADD | order=e8aa22ae-188d-4889-b2c7-167a5b6128bc
2026-04-10 12:48 ET | BUY | AI Defense & Autonomous | PLTR | 72 @ $126.98 = $9,142.56 | 🟢 STRONG BUY / ADD | order=f7f29c4a-72a8-4bb3-84a4-3480e5696ea2
2026-04-10 12:48 ET | WARN | AI Defense & Autonomous | BUY RTX | market order status=orderstatus.new, using expected values
2026-04-10 12:48 ET | BUY | AI Defense & Autonomous | RTX | 39 @ $202.42 = $7,894.38 | 🟢 STRONG BUY / ADD | order=88e78fef-1205-4604-a73e-c9f1904b6ce3
2026-04-10 12:48 ET | BUY | AI Defense & Autonomous | GD | 5 @ $336.91 = $1,684.55 | 🟢 STRONG BUY / ADD | order=e7e86415-fedf-4497-bf41-1bb82d67f4b8
2026-04-10 12:48 ET | BUY | AI Defense & Autonomous | TXT | 6 @ $91.11 = $546.66 | 🟢 STRONG BUY / ADD | order=25607b3e-9aca-4de1-afb0-53dff439109d
2026-04-10 12:48 ET | WARN | AI Defense & Autonomous | BUY LMT | market order status=orderstatus.new, using expected values
2026-04-10 12:48 ET | BUY | AI Defense & Autonomous | LMT | 8 @ $620.22 = $4,961.72 | 🟢 BUY / HOLD | order=92ae3402-7a43-4624-97e2-43666949d361
2026-04-10 12:48 ET | WARN | AI Defense & Autonomous | BUY NOC | market order status=orderstatus.new, using expected values
2026-04-10 12:48 ET | BUY | AI Defense & Autonomous | NOC | 7 @ $681.84 = $4,772.85 | 🟢 BUY / HOLD | order=b0e55d65-d772-4b95-8eaf-eed116a78ba5
2026-04-10 12:48 ET | BUY | AI Defense & Autonomous | LDOS | 28 @ $155.08 = $4,342.24 | 🟢 BUY / HOLD | order=862d06c1-a057-4a8c-acfa-aa5e3c988812
2026-04-10 12:48 ET | SGOV-BUY | Value Picks | 9 SGOV @ $100.50 = $904.50 | cash sweep | order=2c56e29b-541b-4c7d-8cc8-5e84544a1f85
2026-04-10 12:48 ET | SGOV-BUY | Innovation Fund | 129 SGOV @ $100.50 = $12,964.50 | cash sweep | order=396b556d-e6f5-46c9-9869-2ba7d6c1fffa
2026-04-10 12:48 ET | SGOV-BUY | Growth Value | 313 SGOV @ $100.50 = $31,456.50 | cash sweep | order=3e26e2b6-e321-4add-9f63-5b2cab951fa3
2026-04-10 12:48 ET | SGOV-BUY | Momentum Growth | 421 SGOV @ $100.50 = $42,310.50 | cash sweep | order=7428136b-9dae-479c-95ee-a0ec5f4dc63e
2026-04-10 12:48 ET | SGOV-BUY | Nuclear Renaissance | 687 SGOV @ $100.50 = $69,043.50 | cash sweep | order=69d58f76-c7ee-48cc-aed7-3690b11307f6
2026-04-10 12:48 ET | SGOV-BUY | AI Defense & Autonomous | 643 SGOV @ $100.50 = $64,621.50 | cash sweep | order=a6cd54a0-76a8-4e9e-bb77-376bc33e89b8
2026-04-10 12:48 ET | === Autonomous Trader complete: 59 trades ===
2026-04-10 12:49 ET | UPGRADE-SELL | Innovation Fund | SNOW | 38 @ MKT | UPGRADE-SELL (score 2) to add NVDA (score 8) | order=597ff93a-4625-4188-81b1-82a5cbddd518
2026-04-10 12:49 ET | UPGRADE-BUY | Innovation Fund | NVDA | 24 @ $188.43 = $4,522.31 | UPGRADE-BUY paired with SNOW sell (score 8) | order=bf823be1-9d1b-4e88-875e-7f9bb86df1a7
2026-04-10 12:50 ET | UPGRADE-SELL | Income Dividends | MAIN | 110 @ MKT | UPGRADE-SELL (score 3) to add JNJ (score 10) | order=c1b4873d-a883-4b03-b6f1-bd7bf89ad6c2
2026-04-10 12:50 ET | UPGRADE-BUY | Income Dividends | JNJ | 6 @ $239.65 = $1,437.90 | UPGRADE-BUY paired with MAIN sell (score 10) | order=960b3de4-2b1a-44ee-b0c2-4056983f2feb
2026-04-10 12:50 ET | UPGRADE-SELL | Income Dividends | SCHD | 261 @ MKT | UPGRADE-SELL (score 4) to add IBM (score 9) | order=ac5f4a81-d42a-4f1f-88f0-400e4693c29e
2026-04-10 12:50 ET | UPGRADE-BUY | Income Dividends | IBM | 15 @ $231.97 = $3,479.55 | UPGRADE-BUY paired with SCHD sell (score 9) | order=89eb075e-fd68-4a6e-8498-2b013e819bac
2026-04-10 12:50 ET | UPGRADE-SELL | Income Dividends | PG | 82 @ MKT | UPGRADE-SELL (score 5) to add VZ (score 9) | order=c3845938-baa5-4b44-8ce1-7bd9b24f76a9
2026-04-10 12:50 ET | UPGRADE-BUY | Income Dividends | VZ | 122 @ $46.27 = $5,644.94 | UPGRADE-BUY paired with PG sell (score 9) | order=84390552-f4bc-480b-b235-4957f9d8fc8b
2026-04-10 12:54 ET | BUY | Value Picks | V | 9 @ $304.76 = $2,742.84 | 🟢 STRONG BUY / ADD | order=c73b5448-83f9-42d9-a77d-e7fb6f8c5533
2026-04-10 12:54 ET | WARN | Value Picks | BUY ABBV | market order status=orderstatus.new, using expected values
2026-04-10 12:54 ET | BUY | Value Picks | ABBV | 25 @ $209.57 = $5,239.25 | 🟢 STRONG BUY / ADD | order=ebb136ee-1838-42d5-9b17-6695cebf973d
2026-04-10 12:54 ET | BUY | Value Picks | PG | 17 @ $145.65 = $2,476.05 | 🟢 STRONG BUY / ADD | order=86995eb2-b516-4be7-a572-08d9aabb8e7a
2026-04-10 12:55 ET | BUY | Value Picks | WFC | 7 @ $85.44 = $598.08 | 🟢 STRONG BUY / ADD | order=5bf7cc0c-9dd9-46cd-b6d9-177a9e838de7
2026-04-10 12:55 ET | BUY | Growth Value | MSFT | 2 @ $371.34 = $742.68 | 🟢 STRONG BUY / ADD | order=e32c432a-16fb-4305-83f3-dd81b2420b75
2026-04-10 12:55 ET | BUY | Growth Value | AVGO | 9 @ $372.87 = $3,355.83 | 🟢 STRONG BUY / ADD | order=e4bd0872-cf78-434c-8b12-d1fba30d28f8
2026-04-10 12:56 ET | BUY | Income Dividends | JNJ | 5 @ $239.62 = $1,198.10 | 🟢 STRONG BUY / ADD | order=804afb36-26d9-4ed2-9692-02c8dcf2e2bb
2026-04-10 12:56 ET | BUY | Income Dividends | IBM | 15 @ $232.01 = $3,480.15 | 🟢 STRONG BUY / ADD | order=a0b995fa-a49c-4418-b7f5-6de4ac6cd9c1
2026-04-10 12:56 ET | BUY | Income Dividends | T | 114 @ $26.36 = $3,005.04 | 🟢 STRONG BUY / ADD | order=dcd03262-dfff-44c9-b1c1-542395d85090
2026-04-10 12:56 ET | SKIP | Income Dividends | BUY PG | round-trip limit
2026-04-10 12:56 ET | SKIP | Income Dividends | BUY SCHD | round-trip limit
2026-04-10 12:56 ET | SKIP | Income Dividends | BUY MAIN | round-trip limit
2026-04-10 12:57 ET | BUY | Momentum Growth | ANET | 8 @ $146.65 = $1,173.20 | 🟢 STRONG BUY / ADD | order=7e46aeb7-26c5-4ec0-9c03-4d62ce568fd4
2026-04-10 12:57 ET | WARN | Momentum Growth | BUY LLY | market order status=orderstatus.new, using expected values
2026-04-10 12:57 ET | BUY | Momentum Growth | LLY | 6 @ $942.14 = $5,652.84 | 🟢 STRONG BUY / ADD | order=2297b7d5-f95c-4511-9824-91fb267ff559
2026-04-10 12:57 ET | BUY | Momentum Growth | TRGP | 1 @ $242.74 = $242.74 | 🟢 STRONG BUY / ADD | order=b378fc64-6944-4651-9b27-996f2dda6c34
2026-04-10 12:57 ET | SGOV-BUY | Value Picks | 32 SGOV @ $100.50 = $3,216.00 | cash sweep | order=c4761172-1408-4760-93dc-6e491da4381c
2026-04-10 12:57 ET | SGOV-BUY | Innovation Fund | 16 SGOV @ $100.50 = $1,608.00 | cash sweep | order=472ad38c-0b43-4e5a-889c-8d5e7d44548a
2026-04-10 12:57 ET | SGOV-BUY | Growth Value | 29 SGOV @ $100.50 = $2,914.50 | cash sweep | order=b18c2751-1e52-483a-a829-e9db2da57a30
2026-04-10 12:57 ET | SGOV-BUY | Momentum Growth | 2 SGOV @ $100.50 = $201.00 | cash sweep | order=32709f67-d728-4b72-996a-02b8402588b8
2026-04-10 12:57 ET | === Autonomous Trader complete: 20 trades ===
2026-04-14 10:30 ET | === Autonomous Trader started ===
2026-04-14 10:34 ET | SELL | Value Picks | JPM | 10 @ $310.74 = $3,107.40 | Not in top 10 (score 2) | order=1fbc71ea-216b-499c-9324-ee8cf86fcccc
2026-04-14 10:34 ET | SGOV-SELL | Value Picks | 17 SGOV @ $100.51 = $1,708.67 | freeing cash for buy | order=fb4b2a61-f503-4e27-9230-0e00644e4225
2026-04-14 10:34 ET | BUY | Value Picks | V | 27 @ $310.39 = $8,380.53 | Top 10 (score 13) — add to position | order=f2586b63-0340-47ca-94f6-eca9d7174b51
2026-04-14 10:34 ET | BUY | Value Picks | PG | 38 @ $144.46 = $5,489.48 | Top 10 (score 6) — add to position | order=4a5cc558-a1b4-4edc-9bc7-71001f4d0c88
2026-04-14 10:34 ET | DOWNSIZED | Value Picks | BUY WFC | reduced to 4 shares ($325.04)
2026-04-14 10:34 ET | BUY | Value Picks | WFC | 4 @ $81.23 = $324.92 | Top 10 (score 6) — add to position | order=4e16dfef-83e1-491d-b42d-fe7d5427065d
2026-04-14 10:34 ET | SKIP | Value Picks | BUY LOW | insufficient funds (need $7,424.85, have $63.74)
2026-04-14 10:34 ET | SKIP | Value Picks | BUY MMM | insufficient funds (need $9,961.90, have $63.74)
2026-04-14 10:34 ET | SELL | Innovation Fund | TWLO | 37 @ $125.47 = $4,642.39 | Not in top 10 (score 2) | order=93c0a3bf-494d-4ddc-a729-74c81300b3dc
2026-04-14 10:34 ET | SELL | Innovation Fund | ARM | 53 @ $160.90 = $8,527.70 | Not in top 10 (score 4) | order=ca98ad4f-8ccc-43c2-8b4f-87fc4dca75c0
2026-04-14 10:34 ET | SELL | Innovation Fund | NET | 6 @ $184.48 = $1,106.88 | Not in top 10 (score 4) | order=29c4f3f6-6a92-471c-add6-0c4d530b00e3
2026-04-14 10:34 ET | SGOV-SELL | Innovation Fund | 145 SGOV @ $100.51 = $14,573.95 | freeing cash for buy | order=b05c526e-8aba-434f-b7e0-30a0fcb60814
2026-04-14 10:34 ET | BUY | Innovation Fund | AFRM | 118 @ $54.50 = $6,431.00 | Top 10 (score 8) — add to position | order=192a3d2d-5106-4307-aec0-6f0a8c826eae
2026-04-14 10:34 ET | BUY | Innovation Fund | PATH | 535 @ $10.00 = $5,350.00 | Top 10 (score 8) — add to position | order=e4694e67-4889-4542-8f04-3caf43fc0a59
2026-04-14 10:34 ET | SKIP | Innovation Fund | BUY SNOW | round-trip limit
2026-04-14 10:34 ET | BUY | Innovation Fund | U | 275 @ $23.39 = $6,432.25 | Top 10 (score 7) — add to position | order=d57b648c-252a-4735-9d2a-9f1f88215e45
2026-04-14 10:35 ET | BUY | Innovation Fund | CELH | 201 @ $34.83 = $7,000.83 | Top 10 (score 6) — add to position | order=ef729c86-18ec-4481-8aa6-cb573ea9be2c
2026-04-14 10:35 ET | BUY | Innovation Fund | DDOG | 60 @ $110.83 = $6,649.80 | Top 10 (score 6) — add to position | order=4f60c54f-a516-4522-8c06-accb563a0b96
2026-04-14 10:35 ET | BUY | Innovation Fund | PLTR | 25 @ $136.98 = $3,424.50 | Top 10 (score 6) — add to position | order=4509304a-ccfd-42a4-ab38-eb512edc52d2
2026-04-14 10:35 ET | DOWNSIZED | Innovation Fund | BUY SHOP | reduced to 8 shares ($947.52)
2026-04-14 10:35 ET | BUY | Innovation Fund | SHOP | 8 @ $118.45 = $947.60 | Top 10 (score 6) — add to position | order=92dc656a-4770-4ba4-9bc4-bd9520e5f5aa
2026-04-14 10:36 ET | SGOV-SELL | Growth Value | 161 SGOV @ $100.51 = $16,182.11 | freeing cash for buy | order=38654495-c43c-402e-a4b7-df9e1eec2dda
2026-04-14 10:36 ET | BUY | Growth Value | MA | 15 @ $510.03 = $7,650.45 | Top 10 (score 6) — add to position | order=892e40b8-344b-4d11-bb9a-4acc1c739cab
2026-04-14 10:36 ET | BUY | Growth Value | META | 9 @ $654.67 = $5,892.03 | Top 10 (score 6) — add to position | order=a2059d87-1dbb-4256-841d-1abdb01974b7
2026-04-14 10:36 ET | DOWNSIZED | Growth Value | BUY AAPL | reduced to 10 shares ($2,593.65)
2026-04-14 10:36 ET | BUY | Growth Value | AAPL | 7 @ $259.39 = $1,815.73 | Top 10 (score 6) — new position | order=a13444c9-4287-4983-b245-3e7bf13b3d5e
2026-04-14 10:36 ET | SELL | Income Dividends | MO | 119 @ $65.50 = $7,794.50 | Not in top 10 (score 1) | order=57a7e33f-29e4-4f98-8c33-a6609f0ccfa0
2026-04-14 10:36 ET | SKIP | Income Dividends | SELL SCHD | round-trip limit
2026-04-14 10:36 ET | SELL | Income Dividends | XOM | 37 @ $148.46 = $5,492.99 | Not in top 10 (score 4) | order=7f2c44a4-1059-4793-a4cc-e9864b74d39f
2026-04-14 10:36 ET | BUY | Income Dividends | PM | 71 @ $158.94 = $11,284.74 | Top 10 (score 8) — add to position | order=5c69023c-bea4-41ba-a6f7-5324860f2b60
2026-04-14 10:36 ET | DOWNSIZED | Income Dividends | BUY KMI | reduced to 73 shares ($2,306.06)
2026-04-14 10:36 ET | BUY | Income Dividends | KMI | 37 @ $31.59 = $1,168.83 | Top 10 (score 6) — add to position | order=d0c409df-87a7-4d83-b207-76872ce10195
2026-04-14 10:36 ET | SKIP | Income Dividends | BUY PG | round-trip limit
2026-04-14 10:36 ET | DOWNSIZED | Income Dividends | BUY T | reduced to 45 shares ($1,154.03)
2026-04-14 10:36 ET | BUY | Income Dividends | T | 44 @ $25.65 = $1,128.60 | Top 10 (score 6) — add to position | order=543c80a2-b95e-4f05-9d76-42c275543436
2026-04-14 10:36 ET | SKIP | Income Dividends | BUY MAIN | round-trip limit
2026-04-14 10:38 ET | SGOV-SELL | Momentum Growth | 423 SGOV @ $100.51 = $42,515.73 | freeing cash for buy | order=240a968b-358b-438b-9f29-20384d02542d
2026-04-14 10:38 ET | BUY | Momentum Growth | ANET | 17 @ $152.96 = $2,600.32 | Top 10 (score 11) — add to position | order=3c74cfd1-706e-4579-85b0-ff769e413c45
2026-04-14 10:38 ET | BUY | Momentum Growth | GE | 20 @ $318.57 = $6,371.40 | Top 10 (score 8) — add to position | order=ace885b3-134e-4f99-9841-550076979431
2026-04-14 10:38 ET | BUY | Momentum Growth | LLY | 2 @ $936.80 = $1,873.60 | Top 10 (score 6) — add to position | order=9c9d0ad4-b625-4c1f-819d-06013f7541e2
2026-04-14 10:38 ET | BUY | Momentum Growth | TRGP | 30 @ $239.07 = $7,172.10 | Top 10 (score 6) — add to position | order=2a65bb75-75c5-4833-8462-3bbc672c757f
2026-04-14 10:38 ET | BUY | Momentum Growth | PANW | 13 @ $162.01 = $2,106.13 | Top 10 (score 5) — add to position | order=c4661efa-a88e-40a7-8b78-636c92982485
2026-04-14 10:38 ET | BUY | Momentum Growth | DASH | 48 @ $164.10 = $7,876.80 | Top 10 (score 2) — new position | order=69c500f9-4019-4ee1-a2ed-7b46daa5e287
2026-04-14 10:38 ET | SGOV-SELL | Nuclear Renaissance | 687 SGOV @ $100.51 = $69,050.37 | freeing cash for buy | order=65d131c1-c9dd-4af7-ade2-aa9d89d77d8c
2026-04-14 10:38 ET | BUY | Nuclear Renaissance | BWXT | 23 @ $237.88 = $5,471.24 | Top 10 (score 6) — add to position | order=f6a6e925-609c-4838-adca-f044b242c3cf
2026-04-14 10:38 ET | BUY | Nuclear Renaissance | TLN | 35 @ $333.90 = $11,686.50 | Top 10 (score 6) — new position | order=775f6ac0-4240-47c9-bdd9-d025a1244675
2026-04-14 10:38 ET | BUY | Nuclear Renaissance | CEG | 22 @ $294.32 = $6,475.04 | Top 10 (score 5) — new position | order=20ac51c0-50b1-4a3c-a3a1-d5da8b943896
2026-04-14 10:38 ET | BUY | Nuclear Renaissance | VST | 23 @ $162.00 = $3,726.00 | Top 10 (score 2) — new position | order=a446469b-1d88-43f4-934f-4007ef31c210
2026-04-14 10:39 ET | SGOV-SELL | AI Defense & Autonomous | 397 SGOV @ $100.51 = $39,902.47 | freeing cash for buy | order=482bf62e-56b5-4f2f-8f35-37ae7167cb72
2026-04-14 10:39 ET | BUY | AI Defense & Autonomous | GD | 17 @ $339.03 = $5,763.51 | Top 10 (score 6) — add to position | order=ac79ec9a-a000-4d52-882d-7783529f5ebf
2026-04-14 10:39 ET | BUY | AI Defense & Autonomous | TXT | 76 @ $93.09 = $7,074.84 | Top 10 (score 6) — add to position | order=cd7a5205-b2a8-4a2d-a1e7-97b2754ace2c
2026-04-14 10:39 ET | BUY | AI Defense & Autonomous | LMT | 11 @ $613.19 = $6,745.09 | Top 10 (score 5) — add to position | order=bb0eb3e4-1e01-4d09-8463-91ff2a84e724
2026-04-14 10:39 ET | BUY | AI Defense & Autonomous | NOC | 2 @ $679.83 = $1,359.66 | Top 10 (score 5) — add to position | order=6bb37e5d-e418-4474-a2dd-c98472cf3d5b
2026-04-14 10:39 ET | BUY | AI Defense & Autonomous | LDOS | 35 @ $157.67 = $5,518.45 | Top 10 (score 4) — add to position | order=47f1d7d8-0098-4489-9068-0f6f9de57669
2026-04-14 10:39 ET | BUY | AI Defense & Autonomous | RTX | 10 @ $203.82 = $2,038.20 | Top 10 (score 4) — add to position | order=5f5e80b3-8399-4a2d-b96b-af2f31f171b6
2026-04-14 10:39 ET | BUY | AI Defense & Autonomous | KTOS | 132 @ $75.37 = $9,948.84 | Top 10 (score 3) — new position | order=6e26b85a-34e7-4781-b353-4c1ce9df0412
2026-04-14 10:39 ET | DOWNSIZED | AI Defense & Autonomous | BUY BAH | reduced to 18 shares ($1,481.22)
2026-04-14 10:39 ET | BUY | AI Defense & Autonomous | BAH | 18 @ $82.38 = $1,482.84 | Top 10 (score 2) — new position | order=f6b01daa-85e0-42de-91be-dc9ea8256cfc
2026-04-14 10:39 ET | SGOV-BUY | Growth Value | 7 SGOV @ $100.52 = $703.64 | cash sweep | order=a596be84-ac98-4194-ab90-e80d1b0dbb5e
2026-04-14 10:39 ET | SGOV-BUY | Momentum Growth | 149 SGOV @ $100.52 = $14,977.48 | cash sweep | order=bdcaa03e-7c30-4022-ae03-02dabbced5d1
2026-04-14 10:39 ET | UNRECORDED | Momentum Growth | BUY 149 SGOV @ $100.52 = $14,977.48 | DB WRITE FAILED: UNIQUE constraint failed: holdings.portfolio_id, holdings.ticker
2026-04-14 10:39 ET | SGOV-BUY | Nuclear Renaissance | 388 SGOV @ $100.52 = $39,001.76 | cash sweep | order=70830021-4785-4370-a9f6-00a42f8fa38e
2026-04-14 10:46 ET | UNRECORDED | Nuclear Renaissance | BUY 388 SGOV @ $100.52 = $39,001.76 | DB WRITE FAILED: database is locked
2026-04-14 10:46 ET | COMPLIANCE | 11 items: Value Picks: should hold but doesn't: AAPL; Value Picks: holds but shouldn't: JPM; Innovation Fund: should hold but doesn't: SNOW; Innovation Fund: holds but shouldn't: TWLO; Growth Value: should hold but doesn't: COST, NVDA
2026-04-14 10:46 ET | === Autonomous Trader complete: 40 trades ===
2026-04-15 10:30 ET | === Autonomous Trader started ===
2026-04-15 10:34 ET | SGOV-SELL | Value Picks | 16 SGOV @ $100.52 = $1,608.32 | freeing cash for buy | order=f756aa3f-149f-415a-b4c1-6853bab03baa
2026-04-15 10:34 ET | SKIP | Value Picks | BUY JPM | round-trip limit
2026-04-15 10:34 ET | DOWNSIZED | Value Picks | BUY WFC | reduced to 20 shares ($1,620.00)
2026-04-15 10:34 ET | BUY | Value Picks | WFC | 20 @ $81.01 = $1,620.20 | Top 10 (score 6) — add to position | order=1556fc4b-db52-4ebc-80d6-e67d769b7075
2026-04-15 10:34 ET | SKIP | Value Picks | BUY LOW | insufficient funds (need $7,314.90, have $51.86)
2026-04-15 10:35 ET | SKIP | Innovation Fund | SELL TWLO | round-trip limit
2026-04-15 10:35 ET | SELL | Innovation Fund | PATH | 546 @ $10.39 = $5,672.94 | Not in top 10 (score 4) | order=4ed45c98-e241-49dd-81c4-6f8048e4c0d7
2026-04-15 10:35 ET | SELL | Innovation Fund | ROKU | 34 @ $108.68 = $3,695.12 | Not in top 10 (score 4) | order=dd268448-3e2f-4da1-b301-3f60a86d664a
2026-04-15 10:35 ET | SELL | Innovation Fund | SHOP | 53 @ $123.77 = $6,559.81 | Not in top 10 (score 4) | order=23d1a7c4-0fec-4403-b121-1fb480b0cb3d
2026-04-15 10:35 ET | BUY | Innovation Fund | RBLX | 171 @ $60.41 = $10,330.11 | Top 10 (score 6) — new position | order=7229dd8b-db59-4fbd-8b2b-50ee151ea4ad
2026-04-15 10:35 ET | SKIP | Innovation Fund | BUY SNOW | round-trip limit
2026-04-15 10:35 ET | DOWNSIZED | Innovation Fund | BUY IONQ | reduced to 135 shares ($5,591.70)
2026-04-15 10:35 ET | BUY | Innovation Fund | IONQ | 103 @ $41.44 = $4,267.97 | Top 10 (score 5) — new position | order=2ab9f198-a833-4905-9736-d852c1b69dba
2026-04-15 10:35 ET | DOWNSIZED | Innovation Fund | BUY QBTS | reduced to 66 shares ($1,326.98)
2026-04-15 10:35 ET | BUY | Innovation Fund | QBTS | 28 @ $20.09 = $562.52 | Top 10 (score 5) — new position | order=308122f6-9dfc-4558-ba30-f102f7499bf8
2026-04-15 10:35 ET | SGOV-SELL | Growth Value | 161 SGOV @ $100.52 = $16,183.72 | freeing cash for buy | order=62a8ce1c-e2d5-48e9-b8c5-6ad306a691b9
2026-04-15 10:35 ET | BUY | Growth Value | NVDA | 46 @ $199.80 = $9,190.80 | Top 10 (score 9) — new position | order=f0b3a9cc-45b8-4a22-9d9c-e5d4731805e1
2026-04-15 10:35 ET | DOWNSIZED | Growth Value | BUY AAPL | reduced to 27 shares ($7,045.11)
2026-04-15 10:35 ET | BUY | Growth Value | AAPL | 27 @ $260.91 = $7,044.57 | Top 10 (score 6) — add to position | order=fefafad9-c363-4491-942a-785f78a4296d
2026-04-15 10:35 ET | SKIP | Growth Value | BUY JPM | insufficient funds (need $11,713.50, have $73.13)
2026-04-15 10:36 ET | SKIP | Income Dividends | SELL SCHD | round-trip limit
2026-04-15 10:36 ET | SKIP | Income Dividends | SELL MAIN | round-trip limit
2026-04-15 10:36 ET | DOWNSIZED | Income Dividends | BUY KMI | reduced to 1 shares ($31.51)
2026-04-15 10:36 ET | BUY | Income Dividends | KMI | 1 @ $31.51 = $31.51 | Top 10 (score 7) — add to position | order=a99e2912-e6c1-4105-869b-1edf3e05cc33
2026-04-15 10:36 ET | SKIP | Income Dividends | BUY PG | round-trip limit
2026-04-15 10:36 ET | SKIP | Income Dividends | BUY T | insufficient funds (need $5,232.60, have $0.73)
2026-04-15 10:36 ET | SKIP | Income Dividends | BUY XOM | round-trip limit
2026-04-15 10:38 ET | BUY | Momentum Growth | LLY | 2 @ $919.69 = $1,839.38 | Top 10 (score 8) — add to position | order=9d96e5b3-9a60-4a35-83b8-2070d20d519a
2026-04-15 10:38 ET | BUY | Momentum Growth | DASH | 9 @ $173.61 = $1,562.49 | Top 10 (score 5) — add to position | order=f2bf0524-ec5b-4e84-abf5-12a8e6eae43e
2026-04-15 10:38 ET | BUY | Momentum Growth | PANW | 28 @ $162.39 = $4,546.92 | Top 10 (score 5) — add to position | order=13f18519-1ba5-493a-a02f-1b94cf814207
2026-04-15 10:38 ET | DOWNSIZED | Momentum Growth | BUY VST | reduced to 42 shares ($6,911.31)
2026-04-15 10:38 ET | BUY | Momentum Growth | VST | 15 @ $164.65 = $2,469.75 | Top 10 (score 2) — new position | order=45073d0d-470c-4a5a-ba52-69a3d934d54b
2026-04-15 10:38 ET | DOWNSIZED | Momentum Growth | BUY UBER | reduced to 59 shares ($4,521.17)
2026-04-15 10:38 ET | BUY | Momentum Growth | UBER | 59 @ $76.65 = $4,522.35 | Top 10 (score 1) — new position | order=e6f9f692-39a6-41a9-aa48-84e1b1e96ba1
2026-04-15 10:38 ET | BUY | Nuclear Renaissance | CEG | 18 @ $296.55 = $5,337.90 | Top 10 (score 6) — add to position | order=7d2a7c47-f00f-466f-9ef4-2d99d62d9c36
2026-04-15 10:38 ET | BUY | Nuclear Renaissance | VST | 28 @ $164.65 = $4,610.20 | Top 10 (score 4) — add to position | order=a9f8e3be-757a-40a8-855b-b01da859a013
2026-04-15 10:38 ET | SGOV-SELL | AI Defense & Autonomous | 227 SGOV @ $100.52 = $22,818.04 | freeing cash for buy | order=b397f51c-33b0-401d-8f53-070f9e942230
2026-04-15 10:38 ET | BUY | AI Defense & Autonomous | GD | 13 @ $338.31 = $4,398.03 | Top 10 (score 6) — add to position | order=de7cc98d-3b61-4e0a-92b0-445bdf2d46ff
2026-04-15 10:38 ET | BUY | AI Defense & Autonomous | TXT | 47 @ $90.29 = $4,243.63 | Top 10 (score 6) — add to position | order=ffd9f6dd-a436-47ca-be22-0a104d809120
2026-04-15 10:38 ET | BUY | AI Defense & Autonomous | NOC | 8 @ $680.00 = $5,440.00 | Top 10 (score 5) — add to position | order=bd3bc7e9-9eee-4c77-9f82-3d5661fee488
2026-04-15 10:39 ET | BUY | AI Defense & Autonomous | BAH | 75 @ $82.98 = $6,223.50 | Top 10 (score 2) — add to position | order=dc7c4f81-0fa4-4cde-80ef-90740ff8d695
2026-04-15 10:39 ET | SGOV-BUY | Innovation Fund | 5 SGOV @ $100.53 = $502.65 | cash sweep | order=fc931bbb-7383-470a-be71-4df0d2804e87
2026-04-15 10:39 ET | UNRECORDED | Innovation Fund | BUY 5 SGOV @ $100.53 = $502.65 | DB WRITE FAILED: UNIQUE constraint failed: holdings.portfolio_id, holdings.ticker
2026-04-15 10:39 ET | SGOV-BUY | Nuclear Renaissance | 59 SGOV @ $100.53 = $5,931.27 | cash sweep | order=d1e86029-2d24-4daf-96b1-fdaa1cb3ebeb
2026-04-15 10:46 ET | UNRECORDED | Nuclear Renaissance | BUY 59 SGOV @ $100.53 = $5,931.27 | DB WRITE FAILED: database is locked
2026-04-15 10:46 ET | SGOV-BUY | AI Defense & Autonomous | 25 SGOV @ $100.53 = $2,513.25 | cash sweep | order=ecb96c38-8a8c-4c58-9174-776881021869
2026-04-15 10:53 ET | UNRECORDED | AI Defense & Autonomous | BUY 25 SGOV @ $100.53 = $2,513.25 | DB WRITE FAILED: database is locked
2026-04-15 10:53 ET | COMPLIANCE | 14 items: Value Picks: should hold but doesn't: AAPL; Value Picks: holds but shouldn't: LOW; Innovation Fund: 12 positions (max 10); Innovation Fund: should hold but doesn't: SNOW; Innovation Fund: holds but shouldn't: PATH, ROKU, TWLO
2026-04-15 10:53 ET | === Autonomous Trader complete: 21 trades ===
2026-04-16 11:00 ET | === Autonomous Trader started ===
2026-04-16 11:05 ET | BUY | Value Picks | V | 14 @ $314.86 = $4,408.04 | Top 10 (score 14) — new position | order=edc99573-0a05-4abe-943a-ad81bda9679a
2026-04-16 11:05 ET | BUY | Value Picks | ABBV | 57 @ $208.42 = $11,879.94 | Top 10 (score 9) — new position | order=5440492c-315a-41cc-915c-e089cb4b3640
2026-04-16 11:05 ET | BUY | Value Picks | JPM | 38 @ $308.40 = $11,719.20 | Top 10 (score 8) — new position | order=568414f6-6446-4291-9aa3-88d32652b755
2026-04-16 11:05 ET | BUY | Value Picks | MRK | 103 @ $115.59 = $11,905.77 | Top 10 (score 8) — new position | order=60e572e1-9e1a-49f9-a0d7-3a152a82dac9
2026-04-16 11:05 ET | BUY | Value Picks | WFC | 88 @ $81.67 = $7,186.96 | Top 10 (score 7) — new position | order=b757b988-613a-4f6e-a390-d7a451236fd9
2026-04-16 11:05 ET | BUY | Value Picks | PG | 83 @ $143.32 = $11,895.56 | Top 10 (score 7) — new position | order=70e40050-1cc3-4824-aa93-1d2bdc8cd906
2026-04-16 11:05 ET | BUY | Value Picks | KO | 159 @ $75.39 = $11,987.01 | Top 10 (score 6) — new position | order=b374897a-bebe-4d81-8cbc-140bfd699bb6
2026-04-16 11:05 ET | BUY | Value Picks | BAC | 221 @ $54.16 = $11,969.36 | Top 10 (score 6) — new position | order=1473a0bb-0a9e-4ee1-a4d7-6bbd7004b27c
2026-04-16 11:05 ET | BUY | Value Picks | MMM | 71 @ $151.50 = $10,756.50 | Top 10 (score 5) — new position | order=44918163-1602-4718-b052-3c9e79b8cea8
2026-04-16 11:05 ET | DOWNSIZED | Value Picks | BUY LOW | reduced to 17 shares ($4,141.80)
2026-04-16 11:05 ET | BUY | Value Picks | LOW | 17 @ $243.70 = $4,142.90 | Top 10 (score 4) — new position | order=a33cc119-8878-41e8-aaa9-3e9a0fa1a814
2026-04-16 11:06 ET | BUY | Innovation Fund | AFRM | 155 @ $59.10 = $9,160.50 | Top 10 (score 8) — new position | order=b601293b-ce57-4579-9a34-2fddfa254fa1
2026-04-16 11:06 ET | BUY | Innovation Fund | NVDA | 43 @ $199.29 = $8,569.47 | Top 10 (score 8) — new position | order=f00ee3c6-a5ee-4de3-987d-e8e3834c7770
2026-04-16 11:06 ET | BUY | Innovation Fund | DDOG | 85 @ $125.80 = $10,693.00 | Top 10 (score 7) — new position | order=76182446-9a82-46eb-b700-6b6931b9e4bf
2026-04-16 11:06 ET | BUY | Innovation Fund | CELH | 342 @ $35.10 = $12,004.20 | Top 10 (score 7) — new position | order=5a4f1fa6-d301-4263-b350-b3ae005c3bfd
2026-04-16 11:06 ET | BUY | Innovation Fund | QBTS | 549 @ $21.83 = $11,984.67 | Top 10 (score 6) — new position | order=c63db1d7-a5d5-4331-9885-5aa30be9c7f2
2026-04-16 11:06 ET | BUY | Innovation Fund | SNOW | 82 @ $146.43 = $12,007.26 | Top 10 (score 6) — new position | order=3f7fa86d-4c36-430a-8a8f-275c442b11a3
2026-04-16 11:06 ET | BUY | Innovation Fund | U | 6 @ $25.54 = $153.24 | Top 10 (score 6) — new position | order=801e9621-59ed-48de-a092-f3ffafd76400
2026-04-16 11:06 ET | BUY | Innovation Fund | SOFI | 632 @ $18.99 = $12,001.68 | Top 10 (score 6) — new position | order=c3b405c4-0f6f-4e82-883b-68604039950c
2026-04-16 11:06 ET | BUY | Innovation Fund | RBLX | 198 @ $60.46 = $11,971.08 | Top 10 (score 6) — new position | order=a40997c8-c9ac-4f4e-8268-b110166aab46
2026-04-16 11:06 ET | DOWNSIZED | Innovation Fund | BUY IONQ | reduced to 214 shares ($9,424.56)
2026-04-16 11:06 ET | BUY | Innovation Fund | IONQ | 214 @ $44.00 = $9,416.85 | Top 10 (score 6) — new position | order=62074a4f-60b9-4d39-a1c3-f4e3e0c76887
2026-04-16 11:08 ET | BUY | Growth Value | MSFT | 21 @ $414.15 = $8,697.11 | Top 10 (score 10) — new position | order=4a4e3d30-e326-4ad7-ad79-68f9243b8bab
2026-04-16 11:08 ET | BUY | Growth Value | NVDA | 60 @ $199.46 = $11,967.60 | Top 10 (score 10) — new position | order=968d0530-217c-4652-8aaf-9db2e6fc8050
2026-04-16 11:08 ET | BUY | Growth Value | GOOGL | 35 @ $337.48 = $11,811.72 | Top 10 (score 8) — new position | order=86d6e5c8-c292-4d33-ab0f-30a2bae80d82
2026-04-16 11:08 ET | BUY | Growth Value | JPM | 11 @ $308.46 = $3,393.08 | Top 10 (score 8) — new position | order=3264c83f-2ad3-45b4-b453-2e5a6ff0efe9
2026-04-16 11:08 ET | BUY | Growth Value | CRM | 66 @ $179.57 = $11,851.62 | Top 10 (score 8) — new position | order=4ac8f458-a3b0-4122-a9b0-f4d1488a1931
2026-04-16 11:08 ET | BUY | Growth Value | MA | 23 @ $519.37 = $11,945.51 | Top 10 (score 7) — new position | order=95cc008b-a6e6-4c9f-92dd-f2c2b0bf880b
2026-04-16 11:08 ET | BUY | Growth Value | META | 16 @ $672.21 = $10,755.36 | Top 10 (score 6) — new position | order=bd7a2f2d-ec77-4def-ab8c-b5224c9e0516
2026-04-16 11:08 ET | BUY | Growth Value | AVGO | 25 @ $398.08 = $9,952.00 | Top 10 (score 6) — new position | order=27589a0b-4867-4b63-9e63-16a6941267c2
2026-04-16 11:08 ET | BUY | Growth Value | AAPL | 45 @ $262.40 = $11,808.00 | Top 10 (score 6) — new position | order=b18c42fb-b81c-4886-ba31-5bdfff7aae20
2026-04-16 11:08 ET | DOWNSIZED | Growth Value | BUY AMZN | reduced to 23 shares ($5,672.60)
2026-04-16 11:08 ET | BUY | Growth Value | AMZN | 23 @ $246.68 = $5,673.64 | Top 10 (score 4) — new position | order=e07a3799-7ad7-463d-8a50-8a890118f92f
2026-04-16 11:09 ET | BUY | Income Dividends | IBM | 23 @ $248.34 = $5,711.82 | Top 10 (score 10) — new position | order=eaf7adb4-bb8b-4c30-a7c3-634ed238386d
2026-04-16 11:09 ET | BUY | Income Dividends | VZ | 190 @ $46.23 = $8,783.70 | Top 10 (score 8) — new position | order=8aa79fe0-2b47-4208-8b31-c8066fdb7b61
2026-04-16 11:09 ET | BUY | Income Dividends | PM | 76 @ $156.30 = $11,878.80 | Top 10 (score 8) — new position | order=f794a18e-d936-4e14-982c-798ce9d7b08d
2026-04-16 11:09 ET | BUY | Income Dividends | KMI | 376 @ $31.87 = $11,983.12 | Top 10 (score 7) — new position | order=870e9256-c030-41dd-9041-4c78c060788b
2026-04-16 11:09 ET | BUY | Income Dividends | PG | 83 @ $143.40 = $11,902.20 | Top 10 (score 6) — new position | order=945c5eeb-72eb-47cc-a427-4357f6be0787
2026-04-16 11:09 ET | BUY | Income Dividends | JNJ | 51 @ $234.73 = $11,971.23 | Top 10 (score 6) — new position | order=f21ab040-d5d1-4d66-b376-c4ef513012b2
2026-04-16 11:09 ET | BUY | Income Dividends | O | 158 @ $64.29 = $10,157.82 | Top 10 (score 6) — new position | order=ae12a781-c3db-450c-acbc-0f85b4f089bf
2026-04-16 11:09 ET | BUY | Income Dividends | T | 172 @ $26.24 = $4,513.28 | Top 10 (score 5) — new position | order=a6825704-d488-4684-884d-9123a1023d93
2026-04-16 11:09 ET | BUY | Income Dividends | MAIN | 181 @ $54.99 = $9,953.19 | Top 10 (score 4) — new position | order=1e1957fd-232e-45da-8713-944de645ccf3
2026-04-16 11:09 ET | BUY | Income Dividends | XOM | 66 @ $151.30 = $9,985.80 | Top 10 (score 4) — new position | order=4ed19d72-2a29-49d7-a778-9b12a54e03b7
2026-04-16 11:12 ET | BUY | Momentum Growth | ANET | 75 @ $158.50 = $11,887.50 | Top 10 (score 12) — new position | order=a1ed16e0-d4a9-4a46-a410-86c0e681c568
2026-04-16 11:12 ET | BUY | Momentum Growth | GEV | 10 @ $981.29 = $9,812.90 | Top 10 (score 10) — new position | order=a557e9b1-631f-4d79-b01a-2dc5f3f97303
2026-04-16 11:12 ET | BUY | Momentum Growth | AVGO | 30 @ $398.73 = $11,962.02 | Top 10 (score 9) — new position | order=128d1ccf-3508-438a-803f-283934777b85
2026-04-16 11:12 ET | BUY | Momentum Growth | DASH | 61 @ $179.31 = $10,937.91 | Top 10 (score 7) — new position | order=aa560970-bb0f-4ec2-9b35-20a3db9d3c0d
2026-04-16 11:12 ET | BUY | Momentum Growth | TRGP | 50 @ $238.65 = $11,932.50 | Top 10 (score 6) — new position | order=5a0a8a9d-19ab-41cb-94c7-178bc954fab5
2026-04-16 11:12 ET | BUY | Momentum Growth | GE | 39 @ $305.37 = $11,909.43 | Top 10 (score 6) — new position | order=b26b6365-23bc-401c-a5b8-8dbad9b05f6c
2026-04-16 11:12 ET | BUY | Momentum Growth | PANW | 72 @ $166.67 = $12,000.24 | Top 10 (score 5) — new position | order=ce25c580-5804-4a80-ba15-45ac60e4e5da
2026-04-16 11:12 ET | BUY | Momentum Growth | UBER | 103 @ $77.22 = $7,953.66 | Top 10 (score 1) — new position | order=47473db1-a538-4215-aae9-bdcdbfec1525
2026-04-16 11:12 ET | BUY | Momentum Growth | VST | 47 @ $166.15 = $7,809.05 | Top 10 (score 1) — new position | order=41206177-3d2d-43df-b232-0e2b2ad079be
2026-04-16 11:12 ET | BUY | Nuclear Renaissance | GEV | 12 @ $981.29 = $11,775.48 | Top 10 (score 8) — new position | order=e520ac8c-a937-492d-baf9-674ad2ab783b
2026-04-16 11:13 ET | BUY | Nuclear Renaissance | CCJ | 98 @ $120.75 = $11,833.50 | Top 10 (score 7) — new position | order=f2b19188-e10f-4a8f-b38d-d4d24a226f68
2026-04-16 11:13 ET | BUY | Nuclear Renaissance | BWXT | 6 @ $235.72 = $1,414.32 | Top 10 (score 6) — new position | order=a8461609-6722-4e2f-99d2-57a61028028e
2026-04-16 11:13 ET | BUY | Nuclear Renaissance | CEG | 35 @ $302.63 = $10,592.05 | Top 10 (score 5) — new position | order=51754bfd-267d-44f4-95dd-3fac5fc8cbaf
2026-04-16 11:13 ET | BUY | Nuclear Renaissance | TLN | 27 @ $358.50 = $9,679.50 | Top 10 (score 4) — new position | order=b631ea3f-943b-4be1-8399-650d208e8b30
2026-04-16 11:13 ET | BUY | Nuclear Renaissance | SMR | 248 @ $11.40 = $2,827.20 | Top 10 (score 3) — new position | order=63c6196e-8880-4820-a84a-ea94d9517373
2026-04-16 11:13 ET | BUY | Nuclear Renaissance | VST | 60 @ $166.14 = $9,968.40 | Top 10 (score 3) — new position | order=6426dc09-fd32-4065-ac44-64a913eb5147
2026-04-16 11:13 ET | BUY | Nuclear Renaissance | OKLO | 124 @ $64.14 = $7,953.36 | Top 10 (score 2) — new position | order=e778f584-f71b-4bba-a982-b08113bc0f5c
2026-04-16 11:13 ET | BUY | AI Defense & Autonomous | PLTR | 84 @ $142.51 = $11,970.84 | Top 10 (score 11) — new position | order=97a9a222-91e6-404c-909a-eb43c9385563
2026-04-16 11:13 ET | BUY | AI Defense & Autonomous | GD | 35 @ $335.42 = $11,739.70 | Top 10 (score 8) — new position | order=789bf040-e477-410f-b7ec-dcd8f7a22c48
2026-04-16 11:13 ET | BUY | AI Defense & Autonomous | LMT | 19 @ $605.30 = $11,500.70 | Top 10 (score 6) — new position | order=195718ea-38d7-4c83-a9c8-83171948e0a5
2026-04-16 11:13 ET | BUY | AI Defense & Autonomous | NOC | 16 @ $675.00 = $10,800.00 | Top 10 (score 6) — new position | order=5859e76d-1fc2-405a-b15f-99a6ac0db4b9
2026-04-16 11:13 ET | BUY | AI Defense & Autonomous | RTX | 49 @ $196.02 = $9,604.98 | Top 10 (score 6) — new position | order=aabcc8b4-1fc1-4e8c-ab0b-390049567ebb
2026-04-16 11:13 ET | BUY | AI Defense & Autonomous | TXT | 132 @ $90.60 = $11,959.20 | Top 10 (score 6) — new position | order=8e14c4a8-e422-4bac-94d7-df4199269415
2026-04-16 11:13 ET | BUY | AI Defense & Autonomous | LDOS | 55 @ $157.40 = $8,657.00 | Top 10 (score 4) — new position | order=c753d748-f8f6-41ac-ba41-b718fd013480
2026-04-16 11:13 ET | BUY | AI Defense & Autonomous | KTOS | 60 @ $74.37 = $4,462.20 | Top 10 (score 4) — new position | order=58e6287b-ee60-401e-be38-c507c9ce6f38
2026-04-16 11:13 ET | BUY | AI Defense & Autonomous | LHX | 22 @ $354.31 = $7,794.82 | Top 10 (score 2) — new position | order=3c7b61aa-7d4e-4c34-ba83-29a096716c4d
2026-04-16 11:13 ET | BUY | AI Defense & Autonomous | BAH | 93 @ $82.82 = $7,702.26 | Top 10 (score 2) — new position | order=24a34002-9864-4f5e-be44-59f1c066ff6a
2026-04-16 11:13 ET | COMPLIANCE | 9 items: Value Picks: should hold but doesn't: AAPL; Value Picks: holds but shouldn't: LOW; Growth Value: should hold but doesn't: COST; Growth Value: holds but shouldn't: AMZN; Momentum Growth: should hold but doesn't: APP, DECK, LLY, NFLX
2026-04-16 11:13 ET | === Autonomous Trader complete: 67 trades ===
